"ebc","fg","lev","sp","wt","lp","ifm","Id"
1,4,1,8,16,1,50,1
1,4,1,8,16,1,50,2
1,4,1,8,16,1,50,3
1,4,1,8,16,2,2,4
1,4,1,8,16,2,2,5
1,4,1,8,16,2,2,6
1,4,1,8,16,2,2,7
1,4,1,8,16,2,2,8
1,4,3,8,16,2,2,9
1,4,3,8,16,3,2,10
1,4,3,8,16,3,2,11
1,4,3,8,16,3,2,12
1,4,3,8,16,3,2,13
1,4,3,8,16,3,2,14
1,4,3,8,16,3,2,15
1,4,3,8,16,3,2,16
1,4,3,8,16,3,2,17
1,4,3,8,16,3,2,18
1,4,3,8,16,3,2,19
1,4,3,8,16,3,2,20
1,4,3,8,16,3,2,21
1,4,3,8,16,3,2,22
1,4,3,8,16,3,2,23
1,4,3,8,16,3,2,24
1,4,3,8,16,3,2,25
1,4,3,8,16,3,2,26
1,4,3,8,16,3,2,27
1,4,3,8,16,3,2,28
1,4,3,8,16,3,2,29
1,4,3,8,16,3,2,30
1,4,5,8,16,3,2,31
1,4,5,8,16,3,2,32
2,4,5,8,16,4,11,33
2,4,5,8,16,4,11,34
2,4,5,8,16,4,11,35
2,4,5,8,16,4,11,36
2,4,5,8,16,4,11,37
2,4,5,8,16,4,11,38
2,4,5,8,16,4,11,39
2,4,5,8,16,4,11,40
2,4,5,8,16,5,11,41
2,4,5,8,16,5,11,42
2,4,5,8,16,5,11,43
2,4,5,8,16,5,11,44
2,4,5,8,16,5,11,45
2,4,5,8,16,5,11,46
2,4,5,8,16,5,11,47
2,4,5,8,16,5,11,48
2,4,16,8,16,5,11,49
2,4,5,8,16,6,11,50
2,4,5,8,16,6,11,51
2,4,16,8,3,6,11,52
2,4,5,8,3,6,11,53
2,4,5,8,3,6,11,54
2,4,5,8,3,6,11,55
2,4,5,8,3,6,11,56
2,4,2,8,3,6,11,57
2,4,2,8,3,6,51,58
2,4,2,8,3,6,51,59
2,4,2,8,3,7,51,60
2,4,2,8,3,7,51,61
2,4,2,8,3,7,51,62
2,4,2,8,3,7,51,63
2,4,2,8,3,7,51,64
3,4,24,8,3,7,51,65
3,4,2,8,3,7,51,66
3,4,2,8,3,7,51,67
3,4,24,8,3,7,51,68
3,4,2,8,3,7,51,69
3,4,2,8,3,7,51,70
3,4,2,8,3,7,51,71
3,4,2,8,3,7,51,72
3,4,2,8,3,7,51,73
3,4,2,8,3,7,51,74
3,4,2,8,3,7,51,75
3,4,2,8,3,7,51,76
3,4,2,8,3,7,51,77
3,4,2,8,3,8,41,78
3,4,2,8,3,8,41,79
3,4,2,8,3,8,41,80
3,4,38,8,3,8,41,81
3,4,2,8,3,8,41,82
3,4,2,8,3,8,41,83
3,4,2,8,3,8,41,84
3,4,2,8,3,8,41,85
3,4,2,8,3,8,41,86
3,4,2,8,3,9,41,87
3,4,2,8,3,9,41,88
3,4,2,8,3,9,41,89
3,4,2,8,3,9,41,90
3,4,2,8,3,9,41,91
3,4,2,8,3,9,41,92
3,4,2,8,3,9,41,93
3,4,2,8,3,9,41,94
3,4,2,8,3,9,41,95
3,4,2,8,3,10,41,96
3,4,2,8,3,10,41,97
3,4,2,8,3,10,41,98
3,4,2,8,3,10,93,99
3,4,2,8,3,10,93,100
3,4,2,8,3,10,93,101
3,4,2,8,3,10,93,102
3,4,2,8,3,10,93,103
3,4,2,8,3,10,93,104
3,4,2,8,3,10,93,105
3,4,2,8,3,10,93,106
4,4,2,8,2,11,93,107
4,4,2,8,2,11,93,108
4,4,2,8,2,11,93,109
4,4,2,8,2,11,93,110
4,4,24,8,2,11,93,111
4,4,24,8,2,11,93,112
4,4,2,8,2,11,93,113
4,4,27,8,2,11,38,114
4,4,27,8,2,11,38,115
4,4,24,8,2,11,38,116
4,4,24,8,2,11,38,117
4,4,24,8,2,11,38,118
4,4,24,8,2,11,38,119
4,4,24,8,2,11,38,120
4,4,4,8,2,11,38,121
4,4,4,8,2,11,38,122
4,4,4,8,2,11,38,123
4,4,4,8,2,11,38,124
4,4,4,8,2,11,38,125
4,4,4,8,2,11,38,126
4,4,4,8,2,11,38,127
4,4,4,8,2,11,38,128
4,4,4,8,2,11,38,129
4,4,4,8,2,12,38,130
4,4,4,8,2,12,38,131
4,4,4,8,2,12,38,132
4,4,4,8,2,12,38,133
4,4,4,8,2,12,69,134
4,4,4,8,2,12,38,135
4,4,4,10,2,12,69,136
4,4,37,10,2,13,69,137
4,4,4,10,2,13,69,138
4,4,4,10,2,13,69,139
4,4,25,10,2,13,69,140
4,4,37,10,2,13,69,141
4,4,25,10,2,13,69,142
4,4,37,10,2,13,69,143
4,4,37,10,2,13,69,144
4,4,25,10,2,13,69,145
4,4,37,10,2,14,69,146
4,4,37,10,2,14,69,147
4,4,37,10,2,14,69,148
4,4,37,10,2,14,69,149
4,4,37,10,2,14,69,150
4,4,23,10,2,14,69,151
4,4,37,10,2,14,69,152
4,4,37,10,2,14,17,153
4,4,37,10,2,14,17,154
4,4,37,10,2,14,17,155
4,4,37,10,2,14,17,156
4,4,37,10,2,14,17,157
4,4,37,10,2,15,17,158
4,4,37,10,2,15,17,159
4,4,37,10,2,15,17,160
4,4,37,10,2,15,17,161
4,4,37,10,2,15,17,162
4,4,37,10,2,15,17,163
4,4,37,10,2,15,17,164
4,4,37,10,2,15,17,165
4,4,37,10,2,15,17,166
4,4,37,10,2,15,17,167
4,4,37,10,2,15,17,168
4,4,37,10,2,15,17,169
4,4,37,10,2,15,17,170
4,4,26,10,2,15,17,171
4,4,26,10,9,15,17,172
5,4,26,10,9,15,17,173
5,4,26,10,9,16,17,174
5,4,26,10,9,16,17,175
5,4,26,10,9,16,17,176
5,4,26,10,9,16,17,177
5,4,26,10,9,16,54,178
5,4,26,10,9,16,54,179
5,4,26,10,9,16,54,180
5,4,26,10,9,16,54,181
5,4,26,10,9,16,54,182
5,4,26,10,9,16,54,183
5,4,26,10,9,16,54,184
5,4,26,10,9,16,54,185
5,4,26,10,9,16,54,186
5,4,26,10,9,16,54,187
5,4,26,10,9,16,54,188
5,4,26,10,9,16,54,189
5,4,26,10,9,16,54,190
5,4,26,10,9,16,54,191
5,4,26,10,9,16,54,192
5,4,26,10,9,16,54,193
5,4,26,10,9,16,54,194
5,4,26,10,9,16,54,195
5,4,26,10,9,16,54,196
5,2,26,10,9,16,53,197
5,2,26,10,9,17,53,198
5,2,26,10,9,17,53,199
5,2,26,10,9,17,53,200
5,2,26,10,9,17,53,201
5,2,26,10,9,17,53,202
5,2,26,10,9,17,53,203
5,2,26,10,9,17,53,204
5,2,26,10,9,17,53,205
5,2,26,10,9,17,53,206
5,2,26,10,9,17,53,207
5,2,26,10,9,17,53,208
5,2,26,10,9,18,53,209
5,2,26,10,9,18,53,210
5,2,26,10,9,18,53,211
5,2,26,10,9,18,53,212
5,2,26,10,9,18,53,213
5,2,26,10,9,18,53,214
5,2,26,10,9,18,53,215
5,2,26,10,9,18,53,216
5,2,26,10,9,19,33,217
5,2,43,10,9,19,33,218
5,2,26,10,9,19,33,219
5,2,26,10,9,19,33,220
5,2,26,10,9,19,33,221
5,2,43,10,9,19,33,222
5,2,43,10,9,19,33,223
5,2,43,10,9,19,33,224
5,2,43,10,9,19,33,225
5,2,43,10,9,19,33,226
5,2,43,10,9,19,33,227
5,2,43,10,9,19,33,228
5,2,43,10,9,19,33,229
5,2,43,10,9,19,33,230
5,2,43,10,9,19,33,231
5,2,43,10,9,19,33,232
5,2,43,10,9,19,33,233
5,2,43,10,9,19,33,234
6,2,43,10,9,19,33,235
6,2,43,10,9,20,33,236
6,2,43,10,9,20,33,237
6,2,43,10,31,20,52,238
6,2,43,10,31,20,52,239
6,2,43,10,31,20,52,240
6,2,43,10,31,20,52,241
6,2,43,10,31,20,52,242
6,2,43,10,31,20,52,243
6,2,43,10,31,20,52,244
6,2,43,10,31,20,52,245
6,2,43,10,31,20,52,246
6,2,43,10,31,20,52,247
6,2,43,10,31,20,52,248
6,2,43,10,31,20,52,249
6,2,43,10,31,21,52,250
6,2,43,10,31,21,52,251
6,2,43,10,31,21,52,252
6,2,43,10,31,21,52,253
6,2,25,10,31,21,52,254
6,2,43,10,31,21,52,255
6,2,25,5,31,21,52,256
6,2,25,5,31,22,52,257
6,2,28,5,31,22,6,258
6,2,25,5,31,22,6,259
6,2,25,5,31,22,6,260
6,2,28,5,31,22,6,261
6,2,28,5,31,22,6,262
6,2,28,5,31,22,6,263
6,2,28,5,31,22,6,264
6,2,28,5,31,22,6,265
6,2,28,5,31,22,6,266
6,2,28,5,31,22,6,267
6,2,28,5,31,22,6,268
6,2,28,5,31,22,6,269
6,2,8,5,31,22,6,270
6,2,28,5,31,22,6,271
6,2,28,5,26,22,6,272
6,2,28,5,26,22,6,273
6,2,8,5,26,22,6,274
6,2,8,5,26,22,6,275
6,2,28,5,26,23,6,276
6,2,8,5,26,22,6,277
6,2,8,5,26,23,6,278
6,2,8,5,26,23,6,279
6,2,8,5,26,23,6,280
6,2,8,5,26,23,6,281
6,2,8,5,26,23,6,282
6,2,8,5,26,23,6,283
6,2,8,5,26,23,6,284
6,2,8,5,26,24,72,285
7,2,8,5,26,24,72,286
6,2,8,5,26,24,72,287
7,2,8,5,26,24,72,288
7,2,8,5,26,24,72,289
7,2,8,5,26,24,72,290
7,2,8,5,26,24,72,291
7,2,8,5,26,24,72,292
7,2,8,5,26,24,72,293
7,2,26,5,26,24,72,294
7,2,30,5,26,24,72,295
7,2,30,5,26,24,72,296
7,2,30,5,26,24,72,297
7,2,30,5,26,24,72,298
7,2,30,5,26,24,72,299
7,2,30,5,26,24,72,300
7,2,30,5,26,24,72,301
7,2,30,5,26,24,72,302
7,2,30,5,26,25,64,303
7,2,30,5,26,25,64,304
7,2,30,5,26,25,64,305
7,2,30,5,26,25,64,306
7,2,30,5,26,25,64,307
7,2,30,5,26,25,64,308
7,2,30,5,26,25,64,309
7,2,30,5,26,25,64,310
7,2,30,5,26,25,64,311
7,2,30,5,26,25,64,312
7,2,30,5,26,25,64,313
7,2,30,5,26,25,64,314
7,2,30,5,26,25,64,315
7,2,30,5,26,25,64,316
8,2,30,2,26,25,64,317
8,2,26,2,26,25,64,318
8,2,26,2,26,25,64,319
8,2,26,2,26,26,64,320
8,2,26,2,26,26,64,321
8,2,15,2,34,26,73,322
8,2,15,2,34,26,73,323
8,2,15,2,34,26,73,324
8,2,15,2,34,26,73,325
8,2,15,2,34,26,73,326
8,2,15,2,34,26,73,327
8,2,15,2,34,26,73,328
8,2,15,2,34,26,73,329
8,2,15,2,34,26,73,330
8,2,15,2,34,26,73,331
8,2,15,2,34,26,73,332
8,2,15,2,34,26,73,333
8,2,15,2,34,26,73,334
8,2,15,2,34,26,73,335
8,2,15,2,34,26,73,336
8,2,15,2,34,26,73,337
8,2,15,2,34,26,73,338
8,2,15,2,34,26,73,339
8,2,15,2,34,27,29,340
8,2,15,2,34,27,29,341
8,2,15,2,34,27,29,342
8,2,15,2,34,27,29,343
8,2,15,2,34,27,29,344
8,2,15,2,34,27,29,345
8,2,15,2,34,27,29,346
8,2,15,2,34,27,29,347
8,2,15,2,34,27,29,348
8,2,15,2,34,27,29,349
8,2,15,2,34,27,29,350
8,2,15,2,34,27,29,351
8,2,15,2,34,27,29,352
8,2,11,2,5,27,29,353
8,2,6,2,5,28,29,354
8,2,6,2,5,28,29,355
8,2,6,2,5,28,29,356
8,2,6,2,5,28,29,357
8,2,17,2,5,28,29,358
8,2,6,2,5,28,29,359
8,2,6,2,5,28,29,360
8,2,6,2,5,28,29,361
8,2,6,2,5,29,77,362
8,2,6,2,5,29,77,363
8,2,6,2,5,29,77,364
8,2,19,2,5,29,77,365
8,2,24,2,5,29,77,366
8,2,24,2,5,29,77,367
8,2,24,2,5,29,77,368
8,2,24,2,5,29,77,369
8,2,24,2,5,29,77,370
8,2,24,2,5,29,77,371
8,2,24,2,5,29,77,372
8,2,24,2,5,29,77,373
8,2,7,2,5,29,77,374
8,2,24,2,5,29,77,375
8,2,1,2,5,29,77,376
8,2,1,2,5,29,77,377
8,2,1,2,5,29,77,378
8,2,1,2,5,30,65,379
8,2,1,2,5,30,65,380
8,2,1,2,5,30,65,381
8,2,1,2,5,30,65,382
8,2,1,2,5,30,65,383
8,2,1,2,5,30,65,384
8,2,1,2,5,30,65,385
8,2,30,2,5,31,65,386
8,2,30,2,5,31,65,387
9,2,30,2,5,31,65,388
9,2,30,2,5,31,65,389
9,2,30,2,5,31,65,390
9,2,30,2,5,31,65,391
9,2,31,2,5,31,65,392
9,2,31,2,5,31,65,393
9,2,30,2,5,31,65,394
9,2,39,2,5,31,65,395
9,2,31,2,5,31,65,396
9,2,34,2,5,31,65,397
9,2,34,2,5,32,74,398
9,2,38,2,5,32,74,399
9,2,38,2,5,32,74,400
9,2,25,2,5,32,74,401
9,2,34,2,5,32,74,402
9,2,34,2,5,32,74,403
9,2,34,2,5,32,74,404
9,2,34,2,5,32,74,405
9,2,34,2,5,33,74,406
9,2,34,2,5,33,74,407
9,2,34,2,5,33,74,408
9,2,34,2,5,33,74,409
9,2,34,2,5,33,74,410
9,2,36,2,5,33,74,411
9,2,42,2,5,33,74,412
9,2,36,6,5,34,74,413
9,2,36,6,5,34,74,414
9,2,36,6,5,34,74,415
9,2,36,6,5,34,15,416
9,2,36,6,5,34,15,417
9,2,36,6,5,34,15,418
9,2,36,6,5,34,15,419
9,2,36,6,5,34,15,420
9,2,36,6,5,34,15,421
9,2,36,6,5,34,15,422
9,2,36,6,5,34,15,423
9,2,36,6,5,34,15,424
9,2,36,6,5,34,15,425
9,2,41,6,5,35,15,426
10,2,41,6,5,35,15,427
9,2,36,6,5,35,15,428
10,2,41,6,5,35,15,429
10,2,41,6,5,35,15,430
10,2,41,6,5,35,15,431
10,2,41,6,5,35,15,432
10,2,41,6,5,35,15,433
10,2,41,6,5,35,15,434
10,2,41,6,5,35,15,435
10,2,41,6,5,35,15,436
10,2,41,6,5,36,15,437
10,2,41,6,5,36,15,438
10,2,41,6,5,36,15,439
10,2,41,6,37,36,15,440
10,2,41,6,37,36,21,441
10,2,41,6,37,36,21,442
10,2,41,6,37,36,21,443
10,2,41,6,37,36,21,444
10,2,41,6,37,36,21,445
10,2,41,6,37,36,21,446
10,2,41,6,37,37,21,447
10,2,41,6,37,37,21,448
10,2,41,6,37,37,21,449
10,2,41,6,37,37,21,450
10,2,41,6,37,37,21,451
10,2,41,6,37,37,21,452
10,2,41,6,37,37,21,453
10,2,41,6,37,37,21,454
10,2,41,6,37,37,21,455
10,2,41,6,37,37,21,456
10,2,41,6,37,37,21,457
10,2,41,6,37,38,21,458
10,2,41,6,37,38,21,459
10,2,41,6,37,38,21,460
10,2,41,6,37,38,21,461
10,2,41,6,37,38,21,462
10,2,41,6,37,38,21,463
10,2,41,6,37,38,21,464
10,2,41,6,37,38,12,465
10,2,28,6,37,38,12,466
10,2,28,6,37,38,12,467
10,2,28,6,37,38,12,468
10,2,28,6,37,38,12,469
10,2,28,6,37,38,12,470
10,2,28,6,27,39,12,471
10,2,28,6,27,39,12,472
10,2,28,6,27,39,12,473
10,2,28,6,27,39,12,474
10,2,28,6,27,39,12,475
10,2,28,6,27,39,12,476
10,2,28,6,27,39,12,477
10,2,28,6,27,39,12,478
10,2,28,6,27,39,12,479
10,2,28,6,27,39,12,480
10,2,28,6,27,39,12,481
10,2,28,6,27,39,12,482
10,2,28,6,27,40,12,483
10,2,28,6,27,40,12,484
10,2,28,6,27,40,12,485
10,2,28,6,27,40,12,486
10,2,28,6,27,40,12,487
10,2,28,6,27,40,12,488
10,2,28,6,27,40,12,489
10,2,28,6,27,40,40,490
10,2,28,6,27,40,40,491
10,2,28,6,27,40,40,492
10,2,28,6,27,41,40,493
10,2,28,6,27,41,40,494
10,2,28,6,27,41,40,495
10,2,28,6,27,41,40,496
10,2,28,6,27,41,40,497
10,2,28,6,27,41,40,498
10,2,28,6,27,41,40,499
10,2,28,6,27,41,40,500
10,2,28,6,27,41,40,501
10,2,28,6,27,41,40,502
10,2,28,6,27,41,40,503
10,2,28,6,27,41,40,504
10,2,18,6,27,41,40,505
10,2,18,6,27,41,40,506
10,2,18,6,27,41,40,507
10,2,18,6,27,41,40,508
10,2,18,6,27,41,40,509
10,2,18,6,27,41,40,510
11,2,18,6,24,41,97,511
11,2,18,6,24,42,97,512
11,2,18,6,24,41,97,513
11,2,18,6,24,42,97,514
11,2,9,6,24,42,97,515
11,2,9,6,24,42,97,516
11,2,9,6,24,42,97,517
11,2,9,6,24,42,97,518
11,2,9,6,24,42,97,519
11,2,9,6,24,42,97,520
11,2,9,6,24,42,97,521
11,2,9,6,24,42,97,522
11,2,9,6,24,42,71,523
11,2,9,6,24,42,71,524
11,2,9,6,24,42,71,525
11,2,9,6,24,42,71,526
11,2,9,6,24,43,71,527
11,2,11,6,24,43,71,528
11,2,11,6,24,43,71,529
11,2,11,6,24,43,71,530
11,2,11,6,24,43,71,531
11,2,11,6,24,43,71,532
11,2,11,6,24,43,71,533
11,2,11,6,24,43,71,534
11,2,11,6,24,43,71,535
11,2,11,6,24,43,71,536
11,2,11,6,24,43,71,537
11,2,11,6,24,43,71,538
11,2,11,6,24,43,71,539
11,2,41,6,24,43,71,540
11,2,11,1,24,44,25,541
11,2,11,1,24,44,25,542
11,2,11,1,24,44,25,543
11,2,11,1,24,44,25,544
11,2,11,1,24,44,25,545
11,2,11,1,24,44,25,546
11,2,11,1,24,44,25,547
11,2,11,1,24,44,25,548
11,2,11,1,24,44,25,549
11,2,11,1,24,45,25,550
11,2,11,1,24,45,25,551
11,2,11,1,24,45,25,552
11,2,11,1,24,45,25,553
11,2,11,1,24,45,25,554
11,2,11,1,24,45,25,555
11,2,11,1,24,45,25,556
11,2,11,1,24,45,25,557
11,2,11,1,24,45,25,558
11,2,11,1,24,45,25,559
11,2,11,1,24,45,25,560
11,2,11,1,24,45,25,561
11,2,2,1,24,45,25,562
11,2,11,1,24,45,25,563
11,2,2,1,24,45,87,564
11,2,2,1,24,46,87,565
11,2,2,1,24,46,87,566
11,2,2,1,24,46,87,567
11,2,2,1,24,46,87,568
11,2,10,1,24,46,87,569
11,2,10,1,24,46,87,570
11,2,10,1,24,46,87,571
11,2,10,1,24,46,87,572
11,2,10,1,24,46,87,573
11,2,10,1,24,46,87,574
11,2,10,1,24,46,87,575
11,2,10,1,24,46,87,576
11,2,10,1,24,46,87,577
11,2,10,1,24,46,87,578
11,2,26,1,24,46,87,579
11,1,10,1,22,46,10,580
11,1,10,1,22,46,10,581
11,1,10,1,22,46,10,582
11,1,10,1,22,46,10,583
11,1,10,1,22,47,10,584
11,1,10,1,22,47,10,585
11,1,10,1,22,47,10,586
12,1,10,1,22,47,10,587
12,1,10,1,22,47,10,588
12,1,21,1,22,47,10,589
12,1,21,1,22,47,10,590
12,1,21,1,22,47,10,591
12,1,21,1,22,47,10,592
12,1,21,1,22,47,10,593
12,1,21,1,22,47,10,594
12,1,21,1,22,47,10,595
12,1,21,1,22,47,10,596
12,1,21,1,22,47,10,597
12,1,21,1,22,47,10,598
12,1,21,1,22,47,10,599
12,1,21,1,22,47,10,600
12,1,21,1,22,47,10,601
12,1,21,1,22,47,10,602
12,1,21,1,22,48,10,603
12,1,21,1,22,48,10,604
12,1,21,1,22,48,10,605
12,1,21,1,22,48,37,606
12,1,21,1,22,48,37,607
12,1,21,1,22,48,37,608
12,1,21,1,22,48,37,609
12,1,21,1,22,48,37,610
12,1,21,1,22,48,37,611
12,1,21,1,22,48,37,612
12,1,14,1,22,48,37,613
12,1,14,1,22,48,37,614
12,1,42,1,22,48,37,615
12,1,42,1,22,48,37,616
12,1,42,1,22,48,37,617
12,1,42,1,22,48,37,618
12,1,42,1,22,48,37,619
12,1,42,1,22,48,37,620
12,1,42,1,22,48,37,621
12,1,42,1,22,48,37,622
12,1,42,1,22,48,37,623
12,1,42,1,22,48,37,624
12,1,42,1,22,48,37,625
12,1,42,7,29,49,46,626
12,1,42,1,29,48,37,627
12,1,42,7,29,49,46,628
12,1,42,7,29,49,46,629
12,1,42,7,29,49,46,630
12,1,42,7,29,49,46,631
12,1,42,7,29,49,46,632
12,1,42,7,29,49,46,633
12,1,42,7,29,49,46,634
12,1,42,7,29,49,46,635
12,1,42,7,29,49,46,636
12,1,42,7,29,49,46,637
12,1,42,7,29,50,46,638
12,1,42,7,29,50,46,639
12,1,42,7,29,50,46,640
12,1,42,7,29,50,46,641
12,1,42,7,29,50,46,642
12,1,42,7,29,50,46,643
12,1,42,7,29,50,46,644
12,1,42,7,29,50,46,645
12,1,42,7,29,50,46,646
13,1,42,7,29,51,79,647
13,1,42,7,29,51,79,648
13,1,42,7,29,51,79,649
13,1,42,7,29,51,79,650
13,1,33,7,29,51,79,651
13,1,42,7,29,51,79,652
13,1,42,7,29,51,79,653
13,1,33,7,29,52,79,654
13,1,33,7,29,52,79,655
13,1,33,7,29,52,79,656
13,1,33,7,29,52,79,657
13,1,33,7,29,52,79,658
13,1,33,7,29,52,79,659
13,1,33,7,29,52,79,660
13,1,33,7,29,52,79,661
13,1,33,7,29,52,79,662
13,1,33,7,29,52,79,663
13,1,32,7,10,53,5,664
13,1,32,7,10,53,5,665
13,1,32,7,10,53,5,666
13,1,32,7,10,53,5,667
13,1,32,7,10,53,5,668
13,1,32,7,10,53,5,669
13,1,32,7,10,53,5,670
13,1,32,7,10,53,5,671
13,1,32,7,10,53,5,672
13,1,32,7,10,53,5,673
13,1,32,7,10,54,5,674
13,1,32,7,10,54,5,675
13,1,32,7,10,54,5,676
13,1,32,7,10,54,5,677
13,1,4,7,10,54,5,678
13,1,45,7,10,54,5,679
13,1,1,7,10,54,5,680
13,1,33,7,10,54,5,681
13,1,45,7,10,54,5,682
13,1,45,7,10,54,5,683
13,1,45,7,10,54,5,684
13,1,45,7,10,54,5,685
13,1,45,7,10,54,5,686
13,1,45,7,10,54,5,687
13,1,45,7,10,54,5,688
13,1,45,7,10,54,5,689
13,1,45,7,10,54,5,690
13,1,45,7,10,54,5,691
13,1,45,3,10,54,66,692
13,1,44,7,10,54,66,693
13,1,44,3,10,54,66,694
13,1,44,3,10,54,66,695
13,1,44,3,10,54,66,696
13,1,44,3,10,54,66,697
13,1,44,3,10,55,66,698
13,1,26,3,10,55,66,699
13,1,44,3,10,55,66,700
13,1,44,3,10,55,66,701
13,1,44,3,10,55,66,702
13,1,6,3,10,55,66,703
13,1,6,3,10,55,66,704
13,1,6,3,10,55,66,705
13,1,6,3,10,55,66,706
13,1,6,3,10,55,66,707
13,1,6,3,10,55,66,708
13,1,6,3,10,55,66,709
13,1,41,3,10,55,66,710
13,1,6,3,10,55,75,711
13,1,36,3,10,55,75,712
13,1,36,3,10,55,75,713
13,1,36,3,10,55,75,714
13,1,36,3,10,55,75,715
13,1,36,3,10,55,75,716
13,1,36,3,10,55,75,717
13,1,36,3,10,55,75,718
13,1,36,3,10,55,75,719
13,1,36,3,10,56,75,720
13,1,36,3,10,56,75,721
13,1,36,3,10,56,75,722
13,1,36,3,10,56,75,723
13,1,36,3,10,56,75,724
13,1,36,3,10,56,75,725
13,1,36,3,10,56,75,726
13,1,36,3,10,56,75,727
13,1,36,3,10,56,75,728
13,1,36,3,10,56,84,729
13,1,36,3,7,57,84,730
13,1,36,3,7,57,84,731
13,1,36,3,7,57,84,732
13,1,36,3,7,57,84,733
13,1,36,3,7,57,84,734
13,1,36,3,7,57,84,735
13,1,36,3,7,57,84,736
13,1,36,3,7,57,84,737
13,1,36,3,7,57,84,738
13,1,36,3,7,57,84,739
13,1,36,3,7,57,84,740
13,1,36,3,7,57,84,741
13,1,36,3,7,57,84,742
13,1,36,3,7,57,84,743
13,1,36,3,7,57,84,744
14,1,36,3,7,58,59,745
14,1,36,3,7,58,59,746
14,1,36,3,7,58,59,747
14,1,36,3,7,58,59,748
14,1,36,3,7,58,59,749
14,1,36,3,7,58,59,750
14,1,36,3,7,58,59,751
14,1,36,3,7,58,59,752
14,1,44,3,7,58,59,753
14,1,44,3,7,58,59,754
14,1,44,3,7,58,59,755
14,1,44,3,7,58,59,756
14,1,44,3,7,58,59,757
14,1,44,3,7,58,59,758
14,1,44,3,7,59,59,759
14,1,44,3,7,59,59,760
14,1,44,3,7,59,59,761
14,1,44,3,7,59,59,762
14,1,44,3,7,59,59,763
14,1,44,3,7,59,1,764
14,1,44,3,7,59,1,765
14,1,44,3,7,59,1,766
14,1,24,3,7,59,1,767
14,1,44,3,7,59,1,768
14,1,44,3,7,59,1,769
14,1,44,3,7,59,1,770
14,1,44,3,7,59,1,771
14,1,25,3,7,59,1,772
14,1,25,3,7,59,1,773
14,1,25,3,7,59,1,774
14,1,25,3,7,59,1,775
14,1,25,3,7,59,1,776
14,1,25,3,7,59,1,777
14,1,25,3,7,59,1,778
14,1,25,3,7,60,1,779
14,1,25,3,7,60,1,780
14,1,25,3,7,60,1,781
14,1,25,3,7,60,1,782
14,1,25,3,7,60,1,783
14,1,25,3,7,60,1,784
14,1,25,3,7,60,1,785
14,1,25,3,7,60,1,786
14,1,25,3,7,60,1,787
14,1,25,3,7,60,1,788
14,1,25,3,7,60,1,789
14,1,25,3,7,60,1,790
14,1,25,3,7,60,1,791
14,1,25,3,7,60,1,792
14,1,25,3,38,60,63,793
14,1,25,3,38,61,63,794
14,1,25,3,38,61,63,795
14,1,25,3,38,61,63,796
14,1,25,3,38,61,63,797
14,1,25,3,38,61,63,798
14,1,29,3,38,61,63,799
14,1,25,3,38,61,63,800
14,1,29,3,38,61,63,801
14,1,28,3,38,61,63,802
14,1,29,3,38,61,63,803
14,1,29,3,38,61,63,804
14,1,29,3,38,61,63,805
14,1,29,3,38,61,63,806
14,1,29,3,38,61,63,807
14,1,29,3,38,61,63,808
14,1,29,3,38,61,63,809
14,1,29,3,38,61,63,810
14,1,29,8,38,61,63,811
15,1,29,8,38,62,95,812
15,1,29,8,38,62,95,813
15,1,29,8,38,62,95,814
15,1,29,8,38,62,95,815
15,1,29,8,38,62,95,816
15,1,29,8,38,62,95,817
15,1,29,8,38,62,95,818
15,1,29,8,38,63,95,819
15,1,29,8,38,63,95,820
15,1,29,8,38,63,95,821
15,1,14,8,38,63,95,822
15,1,29,8,38,63,95,823
15,1,29,8,38,63,95,824
15,1,29,8,11,63,62,825
15,1,38,8,11,63,62,826
15,1,29,8,11,63,62,827
15,1,29,8,11,63,62,828
15,1,29,8,11,63,62,829
15,1,29,8,11,63,62,830
15,1,1,8,11,63,62,831
15,1,29,8,11,63,62,832
15,1,29,8,11,64,62,833
15,1,29,8,11,64,62,834
15,1,29,8,11,64,62,835
15,1,29,8,11,64,62,836
15,1,29,8,11,64,62,837
15,1,29,8,11,64,62,838
15,1,19,8,11,64,62,839
15,1,29,8,11,64,62,840
15,1,29,8,11,64,62,841
15,1,32,8,11,64,62,842
15,1,32,8,11,64,62,843
15,1,32,8,11,65,9,844
15,1,32,8,11,65,9,845
15,1,32,8,11,65,9,846
15,1,32,8,11,65,9,847
15,1,32,8,11,65,9,848
15,1,32,8,11,65,9,849
15,1,32,8,11,65,9,850
15,1,32,8,11,65,9,851
15,1,32,8,11,65,9,852
15,1,32,8,11,65,9,853
15,1,32,8,11,65,9,854
15,1,32,8,11,65,9,855
15,1,7,8,11,65,9,856
15,1,7,8,11,65,9,857
15,1,7,8,11,65,9,858
15,1,5,8,11,65,9,859
15,1,7,8,11,65,9,860
15,1,7,8,11,65,9,861
15,1,7,8,11,65,9,862
15,1,7,8,11,65,9,863
15,1,7,8,11,65,9,864
15,1,7,8,11,66,9,865
15,1,7,8,11,66,9,866
15,1,7,8,11,66,9,867
15,1,7,8,11,66,9,868
15,1,7,8,11,66,9,869
15,1,7,9,11,66,23,870
15,1,7,9,11,66,23,871
15,1,7,9,11,66,23,872
15,1,7,9,11,66,23,873
15,1,7,9,11,66,23,874
15,1,7,9,11,66,23,875
15,1,7,9,11,66,23,876
15,1,7,9,11,66,23,877
15,1,7,9,11,66,23,878
15,1,7,9,11,67,23,879
15,1,7,9,11,67,23,880
15,1,7,9,11,67,23,881
15,1,33,9,11,67,23,882
15,1,7,9,11,67,23,883
15,1,7,9,11,67,23,884
15,1,7,9,11,67,23,885
15,1,7,9,11,68,23,886
15,1,7,9,11,68,23,887
15,1,7,9,11,68,23,888
15,1,7,9,11,68,23,889
15,1,7,9,11,68,23,890
15,1,7,9,11,68,23,891
15,1,7,9,11,68,23,892
15,1,7,9,11,68,23,893
16,1,7,9,28,69,44,894
15,1,7,9,28,69,44,895
16,1,7,9,28,69,44,896
16,1,7,9,28,69,44,897
16,1,7,9,28,69,44,898
16,1,7,9,28,69,44,899
16,1,7,9,28,69,44,900
16,1,7,9,28,69,44,901
16,1,7,9,28,69,44,902
16,1,7,9,28,69,44,903
16,1,7,9,28,69,44,904
16,1,7,9,28,69,44,905
16,1,7,9,28,69,44,906
16,1,7,9,28,70,44,907
16,1,7,9,28,70,44,908
16,1,7,9,28,70,44,909
16,1,12,9,28,70,44,910
16,1,7,9,28,70,44,911
16,1,7,9,28,70,44,912
16,1,7,9,28,70,44,913
16,7,20,9,28,70,47,914
16,7,7,9,28,70,47,915
16,7,7,9,28,70,47,916
16,7,25,9,28,70,47,917
16,7,25,9,28,70,47,918
16,7,25,9,28,70,47,919
16,7,25,9,28,70,47,920
16,7,25,9,28,70,47,921
16,7,25,9,28,70,47,922
16,7,25,9,28,70,47,923
16,7,25,9,28,70,47,924
16,7,25,9,28,70,47,925
16,7,25,9,28,70,47,926
16,7,25,9,28,70,47,927
16,7,25,9,28,70,47,928
16,7,25,9,28,70,47,929
16,7,22,9,28,70,47,930
16,7,25,9,28,70,47,931
16,7,25,9,20,70,47,932
16,7,25,9,20,71,47,933
16,7,25,9,20,71,34,934
16,7,25,9,20,71,34,935
16,7,25,9,20,71,34,936
16,7,25,9,20,71,34,937
16,7,25,9,20,71,34,938
16,7,25,9,20,71,34,939
16,7,7,9,20,71,34,940
16,7,25,9,20,71,34,941
16,7,25,9,20,71,34,942
16,7,25,9,20,72,34,943
16,7,25,9,20,72,34,944
16,7,25,9,20,72,34,945
16,7,25,9,20,72,34,946
16,7,25,9,20,72,34,947
16,7,25,9,20,72,34,948
16,7,25,9,20,72,34,949
16,7,25,9,20,72,34,950
16,7,25,9,20,72,34,951
16,7,25,9,20,73,34,952
17,7,36,9,20,73,34,953
17,7,25,9,20,73,34,954
17,7,25,9,20,73,34,955
17,7,25,9,20,73,78,956
17,7,25,9,20,73,78,957
17,7,25,9,20,73,78,958
17,7,42,9,20,73,78,959
17,7,25,9,20,73,78,960
17,7,25,9,20,73,78,961
17,7,42,9,20,73,78,962
17,7,42,9,20,74,78,963
17,7,42,9,20,73,78,964
17,7,42,9,20,74,78,965
17,7,42,9,20,74,78,966
17,7,42,9,20,74,78,967
17,7,42,9,20,74,78,968
17,7,42,9,20,74,78,969
17,7,42,9,20,74,78,970
17,7,42,9,20,74,78,971
17,7,42,9,20,74,78,972
17,7,42,9,20,75,83,973
17,7,42,9,20,75,83,974
17,7,42,9,20,75,83,975
17,7,42,9,20,75,83,976
17,7,42,9,20,75,83,977
17,7,42,9,8,75,83,978
17,7,42,9,8,75,83,979
17,7,14,9,8,75,83,980
17,7,14,9,8,75,83,981
17,7,14,9,8,75,83,982
17,7,14,9,8,75,83,983
17,7,14,9,8,75,83,984
17,7,14,9,8,75,83,985
17,7,14,9,8,75,83,986
17,7,14,9,8,75,83,987
17,7,14,9,8,75,83,988
17,7,14,9,8,76,13,989
17,7,14,9,8,76,13,990
17,7,14,9,8,76,13,991
17,7,14,9,8,76,13,992
17,7,14,9,8,76,13,993
17,7,14,9,8,76,13,994
17,7,14,9,8,76,13,995
17,7,14,9,8,76,13,996
17,7,14,9,8,76,13,997
17,7,14,9,8,76,13,998
17,7,14,9,8,76,13,999
17,7,14,9,8,76,13,1000
17,7,14,9,8,76,13,1001
17,7,14,9,8,76,13,1002
17,7,14,9,8,76,13,1003
17,7,14,9,8,76,13,1004
17,7,14,9,8,76,13,1005
17,7,14,9,8,76,13,1006
17,7,14,9,8,76,13,1007
17,7,14,9,8,77,13,1008
17,7,14,9,8,77,13,1009
17,7,14,9,8,77,13,1010
17,7,14,9,8,77,13,1011
17,7,14,9,8,77,13,1012
17,7,14,9,8,77,13,1013
17,7,14,9,8,77,8,1014
17,7,14,9,8,77,8,1015
17,7,14,9,8,77,8,1016
17,7,14,9,8,77,8,1017
17,7,14,9,8,77,8,1018
17,7,14,9,8,77,8,1019
17,7,14,9,8,77,8,1020
17,7,14,9,8,77,8,1021
17,7,14,9,8,77,8,1022
17,7,14,9,8,77,8,1023
17,7,14,9,8,77,8,1024
17,7,14,9,8,78,8,1025
17,7,14,9,8,78,8,1026
17,7,14,9,8,78,8,1027
17,7,14,9,8,78,8,1028
17,7,14,9,32,78,8,1029
17,7,14,9,32,78,8,1030
17,7,14,9,32,78,8,1031
17,7,14,9,32,78,8,1032
17,7,14,9,32,78,8,1033
17,7,1,9,32,79,8,1034
18,7,1,9,32,79,8,1035
18,7,1,9,32,79,8,1036
18,7,1,9,32,79,8,1037
18,7,1,9,32,79,8,1038
18,7,1,9,32,79,8,1039
18,7,1,9,32,79,8,1040
18,7,1,6,32,79,39,1041
18,7,1,6,32,79,39,1042
18,7,1,6,32,79,39,1043
18,7,1,6,32,79,39,1044
18,7,1,6,32,79,39,1045
18,7,1,6,32,79,39,1046
18,7,1,6,32,79,39,1047
18,7,1,6,32,79,39,1048
18,7,1,6,32,79,39,1049
18,7,1,6,32,79,39,1050
18,7,1,6,32,79,39,1051
18,7,1,6,32,80,39,1052
18,7,1,6,32,80,39,1053
18,7,1,6,32,80,39,1054
18,7,1,6,32,80,39,1055
18,7,1,6,32,80,39,1056
18,7,1,6,32,80,39,1057
18,7,1,6,32,80,39,1058
18,7,1,6,32,80,39,1059
18,7,1,6,32,80,39,1060
18,7,1,6,32,80,39,1061
18,7,6,6,32,80,36,1062
18,7,1,6,32,80,36,1063
18,7,1,6,32,81,36,1064
18,7,1,6,32,81,36,1065
18,7,1,6,32,81,36,1066
18,7,9,6,32,81,36,1067
18,7,9,6,32,81,36,1068
18,7,9,6,32,81,36,1069
18,7,1,6,32,81,36,1070
18,7,9,6,32,81,36,1071
18,7,9,6,32,81,36,1072
18,7,9,6,6,82,36,1073
18,7,9,6,6,82,36,1074
18,7,9,6,6,82,36,1075
18,7,9,6,6,82,36,1076
18,7,9,6,6,82,36,1077
18,7,9,6,6,82,36,1078
18,7,9,6,6,82,36,1079
18,7,9,6,6,82,36,1080
18,7,9,6,6,82,36,1081
18,7,23,6,6,82,36,1082
18,7,23,6,6,82,30,1083
18,7,23,6,6,82,30,1084
18,7,23,6,6,82,30,1085
18,7,23,6,6,82,30,1086
18,7,23,6,6,82,30,1087
18,7,23,6,6,82,30,1088
18,7,23,6,6,82,30,1089
18,7,23,6,6,82,30,1090
18,7,23,6,6,82,30,1091
18,7,23,6,6,82,30,1092
18,7,23,6,6,82,30,1093
18,7,23,6,6,82,30,1094
18,7,23,6,6,82,30,1095
18,7,23,6,6,82,30,1096
18,7,23,6,6,82,30,1097
18,7,23,6,6,82,30,1098
18,7,23,6,6,82,30,1099
18,7,23,6,6,82,30,1100
18,7,23,6,6,82,30,1101
18,7,23,6,6,82,30,1102
18,7,23,6,6,83,30,1103
18,7,23,5,6,83,30,1104
18,7,23,6,6,83,82,1105
18,7,23,6,6,83,82,1106
18,7,23,6,6,83,82,1107
18,7,23,6,6,83,82,1108
18,7,23,6,6,83,82,1109
18,7,23,6,6,83,82,1110
18,7,23,6,6,83,82,1111
18,7,23,6,6,83,82,1112
19,7,23,6,6,83,82,1113
19,5,18,6,6,84,82,1114
19,5,18,6,6,84,82,1115
19,5,18,6,6,84,82,1116
19,5,18,6,6,84,82,1117
19,5,18,6,6,84,82,1118
19,5,18,7,6,84,82,1119
19,5,18,6,6,84,82,1120
19,5,18,6,6,84,82,1121
19,5,18,2,6,84,60,1122
19,5,18,2,6,84,60,1123
19,5,18,2,6,84,60,1124
19,5,18,2,6,85,60,1125
19,5,18,2,6,85,60,1126
19,5,18,2,6,85,60,1127
19,5,18,2,6,85,60,1128
19,5,18,2,6,85,60,1129
19,5,18,2,6,85,60,1130
19,5,15,2,6,85,60,1131
19,5,18,2,6,85,60,1132
19,5,18,2,6,85,60,1133
19,5,18,2,6,85,60,1134
19,5,18,2,6,85,60,1135
19,5,18,2,6,85,60,1136
19,5,18,2,6,85,60,1137
19,5,18,2,6,85,60,1138
19,2,18,2,6,86,60,1139
19,5,18,2,6,86,60,1140
19,5,18,2,6,86,7,1141
19,5,37,2,6,86,7,1142
19,5,37,2,6,86,7,1143
19,5,37,2,6,86,7,1144
19,5,37,2,6,86,7,1145
19,5,37,2,6,86,7,1146
19,5,37,2,6,86,7,1147
19,5,37,2,6,86,7,1148
19,5,37,2,6,86,7,1149
19,5,37,2,6,87,7,1150
19,5,37,2,6,87,7,1151
19,5,37,2,6,87,7,1152
19,5,37,2,1,87,7,1153
19,5,37,2,1,87,7,1154
19,5,37,2,1,87,7,1155
19,5,37,2,1,87,7,1156
19,5,37,2,1,87,7,1157
19,5,37,2,1,87,7,1158
19,5,37,2,1,87,7,1159
19,5,37,2,1,87,7,1160
19,5,37,2,1,87,7,1161
19,5,37,2,1,87,7,1162
20,5,37,2,1,87,7,1163
19,5,37,2,1,87,7,1164
20,5,37,2,1,87,7,1165
20,5,37,2,1,87,7,1166
20,5,37,2,1,87,7,1167
20,5,37,2,1,88,89,1168
20,5,37,2,1,88,89,1169
20,5,13,2,1,88,89,1170
20,5,20,2,1,88,89,1171
20,5,13,2,1,88,89,1172
20,5,13,2,1,88,89,1173
20,5,13,2,1,88,89,1174
20,5,13,2,1,88,89,1175
20,5,13,2,1,89,89,1176
20,5,13,2,1,89,89,1177
20,5,13,2,1,89,89,1178
20,5,13,2,1,89,89,1179
20,5,13,2,1,89,89,1180
20,5,13,2,1,89,89,1181
20,5,13,2,1,89,89,1182
20,5,24,2,1,90,20,1183
20,5,13,2,1,90,20,1184
20,5,24,2,1,90,20,1185
20,5,24,2,1,90,20,1186
20,5,24,2,1,90,20,1187
20,5,24,2,1,90,20,1188
20,5,24,2,1,90,20,1189
20,5,24,2,1,90,20,1190
20,5,24,2,1,90,20,1191
20,5,24,2,1,90,20,1192
20,5,24,2,1,90,20,1193
20,5,24,2,1,90,20,1194
20,5,24,2,1,90,20,1195
20,5,24,2,1,90,20,1196
20,5,24,2,1,90,20,1197
20,5,24,2,1,90,20,1198
20,5,24,2,1,90,20,1199
20,5,24,2,1,90,20,1200
20,5,24,2,1,90,20,1201
20,5,24,2,1,90,20,1202
20,5,24,2,1,90,20,1203
20,5,24,2,1,90,20,1204
20,5,24,2,1,90,20,1205
20,5,24,2,1,90,20,1206
20,5,24,2,1,90,98,1207
20,5,33,2,1,91,98,1208
20,5,31,2,1,91,98,1209
20,5,31,2,1,91,98,1210
20,5,31,2,1,91,98,1211
20,5,31,2,1,91,98,1212
20,5,31,2,1,91,98,1213
20,5,31,2,1,91,98,1214
20,5,31,2,1,91,98,1215
20,5,31,2,1,91,98,1216
20,5,31,2,1,91,98,1217
20,5,31,2,1,91,43,1218
20,5,31,2,1,91,43,1219
20,5,31,2,1,91,43,1220
20,5,1,2,1,91,43,1221
20,5,31,2,36,92,43,1222
20,5,31,2,36,92,43,1223
20,5,31,2,36,92,43,1224
21,5,31,2,36,92,43,1225
21,5,31,2,36,92,43,1226
21,5,31,2,36,92,43,1227
21,5,31,2,36,92,43,1228
21,5,36,2,36,92,43,1229
21,5,36,2,36,92,43,1230
21,5,36,2,36,92,43,1231
21,5,36,2,36,92,43,1232
21,5,36,2,36,92,43,1233
21,5,36,2,36,92,43,1234
21,5,36,2,36,92,43,1235
21,5,36,2,36,92,43,1236
21,5,36,2,36,92,43,1237
21,5,36,3,36,93,45,1238
21,5,36,3,36,93,45,1239
21,5,36,3,36,93,45,1240
21,5,36,3,36,93,45,1241
21,5,36,3,36,93,45,1242
21,5,36,3,36,93,45,1243
21,5,36,3,36,93,45,1244
21,5,36,3,36,93,45,1245
21,5,36,3,36,94,45,1246
21,5,36,3,36,94,45,1247
21,5,36,3,36,94,45,1248
21,5,36,3,36,94,45,1249
21,5,36,3,36,94,45,1250
21,5,36,3,17,94,45,1251
21,5,36,3,17,94,45,1252
21,5,36,3,17,94,45,1253
21,5,36,3,17,95,45,1254
21,5,36,3,17,95,45,1255
21,5,36,3,17,95,45,1256
21,5,36,3,17,95,45,1257
21,5,36,3,17,95,58,1258
21,5,36,3,17,95,58,1259
21,5,36,3,17,95,58,1260
21,5,36,3,17,95,58,1261
21,5,36,3,17,95,58,1262
21,5,36,3,17,95,58,1263
21,5,36,3,17,95,58,1264
21,5,36,3,17,95,58,1265
21,5,36,3,17,95,58,1266
21,5,36,3,17,96,58,1267
21,5,36,3,17,96,58,1268
21,5,36,3,17,96,58,1269
21,5,36,3,17,96,58,1270
21,5,36,3,17,96,58,1271
21,5,36,3,17,96,58,1272
21,5,36,3,17,96,58,1273
21,5,36,3,17,96,58,1274
21,5,36,3,17,96,58,1275
21,5,36,3,17,96,58,1276
21,5,36,3,17,97,61,1277
21,5,36,3,17,97,61,1278
21,5,36,3,17,97,61,1279
21,5,36,3,17,97,61,1280
21,5,36,3,17,97,61,1281
21,5,36,3,17,97,61,1282
21,5,36,3,17,97,61,1283
21,5,36,3,17,97,61,1284
21,6,36,3,17,97,61,1285
21,6,36,3,17,97,61,1286
21,6,28,3,17,97,61,1287
21,6,28,3,17,97,61,1288
21,6,28,3,17,97,61,1289
21,6,28,3,17,97,61,1290
21,6,28,3,17,97,61,1291
21,6,28,3,17,97,61,1292
21,6,28,3,17,97,61,1293
21,6,28,3,17,97,61,1294
21,6,28,3,17,97,61,1295
21,6,28,3,17,98,81,1296
21,6,28,3,19,98,81,1297
21,6,28,3,19,98,81,1298
21,6,28,3,19,98,81,1299
21,6,28,3,19,98,81,1300
21,6,28,3,19,98,81,1301
21,6,28,3,19,98,81,1302
21,6,28,3,19,98,81,1303
21,6,28,3,19,98,81,1304
21,6,28,3,19,98,81,1305
21,6,28,3,19,98,81,1306
21,6,28,3,19,98,81,1307
21,6,28,3,19,98,81,1308
21,6,28,3,19,98,81,1309
21,6,28,3,19,98,81,1310
21,6,3,3,19,98,81,1311
22,6,28,3,19,98,81,1312
22,6,36,3,19,99,96,1313
22,6,3,3,19,99,96,1314
22,6,43,3,19,99,96,1315
22,6,43,3,19,99,96,1316
22,6,43,3,19,99,96,1317
22,6,43,3,19,99,96,1318
22,6,43,3,19,99,96,1319
22,6,43,3,19,100,96,1320
22,6,43,1,19,100,96,1321
22,6,46,1,19,100,96,1322
22,6,46,1,19,100,96,1323
22,6,46,1,19,100,96,1324
22,6,46,1,19,100,22,1325
22,6,46,1,19,100,22,1326
22,6,46,1,19,100,22,1327
22,6,46,1,19,100,22,1328
22,6,46,1,19,100,22,1329
22,6,46,1,19,100,22,1330
22,6,46,1,19,100,22,1331
22,6,13,1,19,100,22,1332
22,6,46,1,19,100,22,1333
22,6,46,1,19,100,22,1334
22,6,46,1,19,100,22,1335
22,6,46,1,19,100,22,1336
22,6,46,1,19,100,22,1337
22,6,46,1,19,100,22,1338
22,6,46,1,19,100,22,1339
22,6,46,1,19,101,22,1340
22,6,46,1,19,101,22,1341
22,6,46,1,19,101,22,1342
22,6,46,1,19,101,22,1343
22,6,46,1,19,101,22,1344
22,6,46,1,19,101,22,1345
22,6,46,1,19,101,22,1346
22,6,46,1,19,101,22,1347
22,6,46,1,19,101,22,1348
22,6,46,1,14,101,18,1349
22,6,46,1,14,101,18,1350
22,6,46,1,14,101,18,1351
22,6,46,1,14,101,18,1352
22,6,46,1,14,101,18,1353
22,6,46,1,14,101,18,1354
22,6,46,1,14,102,18,1355
22,6,46,1,14,102,18,1356
22,6,46,1,14,102,18,1357
22,6,46,1,14,102,18,1358
22,6,46,1,14,102,18,1359
22,6,46,1,14,102,18,1360
22,6,46,1,14,102,18,1361
22,6,46,1,14,102,18,1362
22,6,46,1,14,102,18,1363
22,6,46,1,14,102,18,1364
22,6,46,1,14,103,18,1365
22,6,46,1,14,103,18,1366
22,6,46,1,14,103,18,1367
22,6,46,1,14,103,18,1368
22,6,46,1,14,103,18,1369
22,6,46,1,14,103,18,1370
22,6,38,1,14,103,18,1371
22,6,38,1,14,103,18,1372
22,6,38,1,14,103,18,1373
22,6,38,1,14,103,85,1374
22,6,38,1,14,103,85,1375
22,6,38,1,14,103,85,1376
22,6,38,1,14,103,85,1377
22,6,38,5,14,103,85,1378
22,6,38,1,14,103,85,1379
22,6,38,5,14,103,85,1380
22,6,33,5,14,104,85,1381
22,6,33,5,14,104,85,1382
22,6,33,5,14,104,85,1383
22,6,33,5,14,104,85,1384
22,6,33,5,14,104,85,1385
22,6,33,5,14,104,85,1386
22,5,33,5,14,104,85,1387
22,5,33,5,14,104,85,1388
22,5,33,5,14,104,85,1389
22,5,33,5,14,104,35,1390
22,5,33,5,14,104,35,1391
22,5,33,5,14,104,35,1392
22,5,33,5,14,104,35,1393
22,5,33,5,14,104,35,1394
22,5,33,5,14,104,35,1395
22,5,33,5,14,105,35,1396
22,5,33,5,14,105,35,1397
23,5,33,5,14,105,35,1398
23,5,33,5,14,105,35,1399
23,5,33,5,14,105,35,1400
23,5,33,5,14,105,35,1401
23,5,33,5,14,105,35,1402
23,5,33,5,14,105,35,1403
23,5,33,5,14,105,35,1404
23,5,33,5,14,105,35,1405
23,5,33,5,35,105,35,1406
23,5,33,5,35,105,35,1407
23,5,33,5,35,105,35,1408
23,5,33,5,35,105,35,1409
23,5,33,5,35,105,35,1410
23,5,33,5,35,105,80,1411
23,5,33,5,35,105,80,1412
23,5,33,5,35,105,80,1413
23,5,33,5,35,106,80,1414
23,5,33,5,35,106,80,1415
23,5,33,5,35,106,80,1416
23,5,33,5,35,106,80,1417
23,5,33,5,35,106,80,1418
23,5,33,5,35,106,80,1419
23,5,33,5,35,106,80,1420
23,5,33,5,35,106,80,1421
23,5,33,5,35,106,80,1422
23,5,33,5,35,106,80,1423
23,5,33,5,35,106,80,1424
23,5,33,5,35,106,80,1425
23,5,33,5,35,106,80,1426
23,5,33,5,35,106,80,1427
23,5,29,5,35,107,32,1428
23,5,33,5,35,107,32,1429
23,5,11,5,35,107,32,1430
23,5,33,5,35,107,32,1431
23,5,16,5,35,107,32,1432
23,5,16,5,35,107,32,1433
23,5,16,5,35,107,32,1434
23,5,16,5,35,107,32,1435
23,5,16,5,35,107,32,1436
23,5,16,5,35,107,32,1437
23,5,16,5,30,107,32,1438
23,5,16,5,30,107,32,1439
23,5,16,5,30,107,32,1440
23,5,16,5,30,107,32,1441
23,5,16,5,30,107,32,1442
23,5,16,5,30,107,32,1443
23,5,16,5,30,107,32,1444
23,5,16,5,30,107,32,1445
23,5,16,5,30,108,32,1446
23,5,16,5,30,108,32,1447
23,5,16,5,30,108,32,1448
23,5,16,5,30,108,32,1449
23,5,16,5,30,108,94,1450
23,5,16,5,30,108,94,1451
23,5,16,5,30,108,94,1452
23,5,16,5,30,108,94,1453
23,5,16,5,30,108,94,1454
23,5,16,5,30,108,94,1455
23,5,16,5,30,108,94,1456
23,5,16,5,30,108,94,1457
23,5,16,5,30,108,94,1458
23,5,16,5,30,108,94,1459
23,5,16,5,30,108,94,1460
23,5,16,5,30,108,94,1461
23,5,16,5,30,108,94,1462
23,5,16,5,30,108,94,1463
23,5,4,5,30,109,57,1464
23,5,4,5,30,109,57,1465
23,5,4,5,30,109,57,1466
23,5,4,5,30,109,57,1467
23,5,4,5,30,109,57,1468
23,5,4,5,30,109,57,1469
23,5,4,5,30,109,57,1470
23,5,47,5,30,109,57,1471
23,5,14,5,30,109,57,1472
24,5,47,5,30,109,57,1473
24,5,47,5,30,109,57,1474
24,5,47,5,30,109,57,1475
24,5,47,5,30,109,57,1476
24,5,47,5,30,109,57,1477
24,5,47,5,30,109,57,1478
24,5,47,5,30,109,57,1479
24,5,47,5,15,109,57,1480
24,5,47,5,15,109,57,1481
24,5,47,5,15,109,57,1482
24,5,47,5,15,110,86,1483
24,5,47,5,15,110,86,1484
24,5,47,5,15,110,86,1485
24,5,47,5,15,110,86,1486
24,5,47,5,15,110,86,1487
24,5,47,5,15,110,86,1488
24,5,47,5,15,110,86,1489
24,5,47,5,15,110,86,1490
24,5,31,5,15,110,86,1491
24,5,31,5,15,110,86,1492
24,5,31,10,15,110,86,1493
24,5,31,10,15,110,86,1494
24,5,31,10,15,110,86,1495
24,5,31,10,15,110,86,1496
24,5,26,10,15,111,86,1497
24,5,27,10,15,111,86,1498
24,5,27,10,15,111,56,1499
24,5,27,10,15,111,56,1500
24,5,27,10,15,111,56,1501
24,5,27,10,15,111,56,1502
24,5,27,10,15,111,56,1503
24,5,27,10,15,111,56,1504
24,5,27,10,15,111,56,1505
24,5,27,10,15,111,56,1506
24,5,27,10,15,111,56,1507
24,5,27,10,15,111,56,1508
24,3,27,10,15,112,56,1509
24,3,27,10,15,112,56,1510
24,3,27,10,15,112,56,1511
24,3,27,10,15,112,56,1512
24,3,27,10,15,112,56,1513
24,3,27,10,15,112,56,1514
24,3,27,10,15,112,56,1515
24,3,27,10,15,112,56,1516
24,3,27,10,15,112,56,1517
24,3,27,10,15,112,48,1518
24,3,27,10,15,112,48,1519
24,3,27,10,15,112,48,1520
24,3,27,10,15,112,48,1521
24,3,27,10,15,112,48,1522
24,3,27,10,15,112,48,1523
24,3,27,10,15,112,48,1524
24,3,27,10,15,113,48,1525
24,3,27,10,15,113,48,1526
24,3,27,10,15,113,48,1527
24,3,27,10,15,113,48,1528
24,3,27,10,15,113,48,1529
24,3,27,10,15,113,48,1530
24,3,27,10,15,113,48,1531
25,3,27,10,15,113,48,1532
25,3,9,10,15,113,48,1533
25,3,9,10,15,113,48,1534
25,3,9,10,15,113,48,1535
25,3,9,10,15,113,48,1536
25,3,9,10,25,113,48,1537
25,3,7,10,25,114,14,1538
25,3,7,10,25,114,14,1539
25,3,7,10,25,114,14,1540
25,3,7,10,25,114,14,1541
25,3,22,10,25,114,14,1542
25,3,22,10,25,114,14,1543
25,3,22,10,25,114,14,1544
25,3,22,10,25,114,14,1545
25,3,22,10,25,114,14,1546
25,3,22,10,25,115,14,1547
25,3,22,10,25,115,14,1548
25,3,22,10,25,115,14,1549
25,3,22,10,25,115,14,1550
25,3,22,10,25,115,14,1551
25,3,22,10,25,115,14,1552
25,3,22,10,25,116,14,1553
25,3,22,10,25,116,14,1554
25,3,22,10,25,116,14,1555
25,3,22,10,25,116,14,1556
25,3,22,10,25,116,14,1557
25,3,22,10,25,116,14,1558
25,3,22,10,25,116,14,1559
25,3,22,10,25,116,14,1560
25,3,22,10,25,116,14,1561
25,3,22,10,25,116,14,1562
25,3,22,4,25,117,67,1563
25,3,22,4,25,117,67,1564
25,3,22,4,25,117,67,1565
25,3,22,4,25,117,67,1566
25,3,22,4,25,117,67,1567
25,3,22,4,25,117,67,1568
25,3,22,4,25,117,67,1569
25,3,22,4,25,117,67,1570
25,3,25,4,25,118,67,1571
25,3,25,4,25,118,67,1572
25,3,25,4,25,118,67,1573
25,3,25,4,25,118,67,1574
25,3,25,4,25,118,67,1575
25,3,25,4,25,118,67,1576
25,3,25,4,25,118,67,1577
25,3,25,4,25,118,67,1578
25,3,25,4,25,118,67,1579
25,3,25,4,25,118,67,1580
25,3,25,4,4,119,67,1581
26,3,25,4,4,119,68,1582
26,3,25,4,4,119,68,1583
26,3,16,4,4,119,68,1584
26,3,25,4,4,119,68,1585
26,3,17,4,4,119,68,1586
26,3,17,4,4,119,68,1587
26,3,17,4,4,119,68,1588
26,3,17,4,4,119,68,1589
26,3,17,4,4,119,68,1590
26,3,17,4,4,119,68,1591
26,3,17,4,4,120,68,1592
26,3,17,4,4,120,68,1593
26,3,17,4,4,120,68,1594
26,3,17,4,4,120,68,1595
26,3,17,4,4,120,68,1596
26,3,17,4,4,120,68,1597
26,3,17,4,4,120,68,1598
26,3,17,4,4,120,68,1599
26,3,17,4,4,121,3,1600
26,3,17,4,4,121,3,1601
26,3,17,4,4,121,3,1602
26,3,20,4,4,121,3,1603
26,3,20,4,4,121,3,1604
26,3,20,4,4,121,3,1605
26,3,20,4,4,121,3,1606
26,3,20,4,4,122,3,1607
26,3,20,4,4,122,3,1608
26,3,20,4,4,122,3,1609
26,3,20,4,4,122,3,1610
26,3,20,4,4,122,3,1611
26,3,20,4,4,122,3,1612
26,3,20,4,4,122,3,1613
26,3,20,4,4,122,3,1614
26,3,20,4,4,122,3,1615
26,3,20,4,4,122,3,1616
26,3,20,4,4,122,3,1617
26,3,20,4,4,123,3,1618
26,3,20,4,4,123,3,1619
26,3,20,4,4,123,3,1620
26,3,20,4,4,123,3,1621
26,3,20,4,4,123,3,1622
26,3,20,4,4,123,3,1623
26,3,20,4,4,123,3,1624
26,3,20,4,4,123,3,1625
26,3,20,4,4,123,3,1626
26,3,20,4,4,123,3,1627
26,3,20,4,4,123,19,1628
26,3,20,4,4,124,19,1629
27,3,20,4,4,124,19,1630
26,3,20,4,4,124,19,1631
26,3,20,4,4,124,19,1632
26,3,20,4,4,124,19,1633
26,3,20,4,4,124,19,1634
26,3,20,4,4,124,19,1635
26,3,20,4,4,124,19,1636
26,3,20,4,4,124,19,1637
26,3,20,4,4,124,19,1638
26,3,20,4,4,124,19,1639
26,3,19,4,4,124,19,1640
26,3,19,4,21,124,19,1641
26,3,20,4,21,124,19,1642
26,3,20,4,21,124,19,1643
26,3,25,4,21,124,19,1644
26,3,19,4,21,124,19,1645
26,3,25,4,21,125,19,1646
26,3,25,4,21,125,19,1647
26,3,25,4,21,125,19,1648
26,3,25,4,21,125,19,1649
26,3,25,4,21,125,19,1650
26,3,25,4,21,125,19,1651
26,3,25,4,21,126,24,1652
26,3,25,4,21,126,24,1653
26,3,25,4,21,126,24,1654
26,3,25,4,21,126,24,1655
26,3,25,4,21,126,24,1656
26,3,25,4,21,126,24,1657
26,3,25,4,21,126,24,1658
26,3,25,4,21,126,24,1659
26,3,25,4,21,126,24,1660
26,3,25,4,21,126,24,1661
26,3,25,4,21,126,24,1662
26,3,25,4,21,126,24,1663
26,3,25,4,21,126,24,1664
26,3,25,4,21,126,24,1665
26,3,25,4,21,126,24,1666
26,3,25,4,21,126,24,1667
26,3,25,4,21,126,24,1668
26,3,25,4,21,127,24,1669
26,3,25,4,21,127,24,1670
26,3,25,4,21,127,24,1671
26,3,25,4,21,127,24,1672
26,3,25,4,21,127,24,1673
26,3,12,4,21,127,24,1674
26,3,12,4,21,127,24,1675
28,3,12,7,21,127,88,1676
28,3,12,7,21,127,88,1677
28,3,12,7,21,127,88,1678
28,3,12,7,21,127,88,1679
28,3,12,7,21,127,88,1680
28,3,12,7,21,127,88,1681
28,3,12,7,21,128,88,1682
28,3,12,7,21,128,88,1683
28,3,12,7,21,128,88,1684
28,3,12,7,21,128,88,1685
28,3,12,7,21,128,88,1686
28,3,12,7,21,128,88,1687
28,3,12,7,21,128,88,1688
28,3,12,7,21,128,88,1689
28,3,19,7,21,128,88,1690
28,3,25,7,12,129,26,1691
28,3,25,7,12,129,26,1692
28,3,25,7,12,129,26,1693
28,3,25,7,12,129,26,1694
28,3,25,7,12,129,26,1695
28,3,25,7,12,129,26,1696
28,3,25,7,12,129,26,1697
28,3,25,7,12,129,26,1698
28,3,25,7,12,129,26,1699
28,3,33,7,12,129,26,1700
28,3,25,7,12,129,26,1701
28,3,25,7,12,129,26,1702
28,3,33,7,12,129,26,1703
28,3,33,7,12,129,26,1704
28,3,30,7,12,129,26,1705
28,3,10,7,12,129,26,1706
28,3,10,7,12,129,26,1707
28,3,10,7,12,129,26,1708
28,3,10,7,12,129,26,1709
28,3,10,7,12,130,26,1710
28,3,10,7,12,130,26,1711
28,3,10,7,12,130,26,1712
28,3,35,7,12,130,26,1713
28,3,33,7,12,130,4,1714
28,3,10,7,12,130,4,1715
28,3,29,7,12,130,4,1716
28,3,40,7,12,130,4,1717
28,3,40,7,12,130,4,1718
28,3,40,7,12,130,4,1719
28,3,40,7,12,130,4,1720
28,3,29,7,12,130,4,1721
28,3,40,7,12,131,4,1722
28,3,40,7,12,131,4,1723
28,3,40,7,12,131,4,1724
28,3,40,7,12,131,4,1725
28,3,40,7,12,131,4,1726
28,3,40,7,12,131,4,1727
28,3,40,7,12,132,4,1728
28,3,40,7,12,132,4,1729
28,3,40,7,12,132,4,1730
28,3,40,7,12,132,4,1731
28,3,40,7,12,132,4,1732
28,3,35,7,12,132,4,1733
28,3,35,7,12,132,4,1734
28,3,35,7,12,132,4,1735
28,3,35,7,12,132,4,1736
28,3,35,7,12,132,4,1737
28,3,35,7,12,132,4,1738
28,3,35,7,12,132,4,1739
28,3,35,7,12,132,4,1740
28,3,35,7,12,132,4,1741
28,3,35,7,33,132,27,1742
28,3,35,7,33,133,27,1743
28,3,35,7,33,133,27,1744
28,3,35,7,33,133,27,1745
28,3,35,7,33,133,27,1746
28,3,35,7,33,133,27,1747
28,3,35,7,33,133,27,1748
28,3,35,7,33,133,27,1749
28,3,35,7,33,133,27,1750
28,3,35,7,33,133,27,1751
28,3,35,7,33,133,27,1752
28,3,35,7,33,133,27,1753
28,3,35,7,33,133,27,1754
28,3,35,7,33,133,27,1755
28,3,35,7,33,133,27,1756
28,3,35,7,33,133,27,1757
28,3,35,7,33,133,27,1758
28,3,35,7,33,133,27,1759
28,3,35,7,33,133,27,1760
28,3,35,7,33,134,27,1761
28,3,35,7,33,134,27,1762
28,3,35,7,33,134,27,1763
28,3,35,7,33,134,27,1764
28,3,35,7,33,134,90,1765
28,3,35,7,33,134,90,1766
28,3,1,7,33,134,90,1767
27,3,35,7,33,135,90,1768
27,3,1,7,33,135,90,1769
27,3,20,7,33,135,90,1770
27,3,1,7,33,135,90,1771
27,3,1,7,33,135,90,1772
27,3,1,7,33,135,90,1773
27,3,1,7,33,135,90,1774
27,3,1,7,33,135,90,1775
27,3,1,7,33,135,90,1776
27,3,1,7,33,135,90,1777
27,3,1,7,33,135,90,1778
27,3,1,7,33,135,90,1779
27,3,1,4,18,136,70,1780
27,3,1,4,18,136,70,1781
27,3,1,4,18,136,70,1782
27,3,1,4,18,136,70,1783
27,3,14,4,18,136,70,1784
27,3,25,4,18,136,70,1785
27,3,25,4,18,136,70,1786
27,3,25,4,18,136,70,1787
27,3,25,4,18,136,70,1788
27,3,25,4,18,136,70,1789
27,3,25,4,18,136,70,1790
27,3,25,4,18,137,70,1791
27,3,25,4,18,137,70,1792
27,3,35,4,18,137,70,1793
27,3,25,4,18,137,70,1794
27,3,19,4,18,137,70,1795
27,3,19,4,18,137,70,1796
27,3,19,4,18,137,70,1797
27,3,19,4,18,137,91,1798
27,3,19,4,18,137,91,1799
27,3,19,4,18,137,91,1800
27,3,19,4,18,137,91,1801
27,3,19,4,18,137,91,1802
27,3,19,4,18,138,91,1803
27,3,19,4,18,138,91,1804
27,3,19,4,18,138,91,1805
27,3,19,4,18,138,91,1806
27,3,19,4,18,138,91,1807
27,3,19,4,18,138,91,1808
27,3,19,4,18,138,91,1809
27,3,19,4,18,138,91,1810
27,3,19,4,18,138,91,1811
27,3,19,4,18,138,91,1812
27,3,19,4,18,138,31,1813
27,3,19,4,18,138,31,1814
27,3,19,4,18,138,31,1815
27,3,19,4,18,138,31,1816
27,3,19,4,18,138,31,1817
27,3,19,4,18,138,31,1818
27,3,19,4,18,138,31,1819
27,3,21,4,18,138,31,1820
27,3,19,4,18,138,31,1821
27,3,19,4,18,138,31,1822
27,3,19,4,18,139,31,1823
27,3,19,4,18,139,31,1824
27,3,19,4,18,139,31,1825
27,3,19,4,18,139,31,1826
27,3,19,4,18,139,31,1827
27,3,19,4,18,139,31,1828
27,3,19,4,18,139,31,1829
27,3,19,4,18,139,31,1830
27,3,19,4,18,139,31,1831
27,3,19,4,18,139,31,1832
27,3,19,4,18,139,31,1833
27,3,19,4,18,139,31,1834
27,3,19,4,18,139,42,1835
27,3,19,4,18,140,42,1836
27,3,19,4,18,140,42,1837
27,3,19,4,18,140,42,1838
27,3,19,4,18,140,42,1839
27,3,19,4,18,140,42,1840
27,3,19,4,18,140,42,1841
27,3,19,4,18,140,42,1842
27,3,39,4,18,140,42,1843
27,3,39,4,18,140,42,1844
27,3,39,4,18,140,42,1845
27,3,39,4,18,140,42,1846
27,3,1,4,18,140,42,1847
27,3,39,4,18,140,42,1848
27,3,39,4,18,140,42,1849
27,3,39,4,18,140,42,1850
27,3,39,4,18,140,42,1851
27,3,23,4,18,140,42,1852
27,3,39,4,18,140,42,1853
27,3,39,4,18,140,42,1854
27,5,23,4,23,141,92,1855
27,3,23,4,23,141,92,1856
29,3,23,4,23,141,92,1857
29,3,18,4,23,141,92,1858
29,3,23,4,23,141,92,1859
29,3,23,4,23,141,92,1860
29,3,38,4,23,141,92,1861
29,3,38,4,23,141,92,1862
29,3,38,4,23,141,92,1863
29,3,38,4,23,141,92,1864
29,3,38,4,23,141,92,1865
29,3,38,4,23,141,92,1866
29,3,38,4,23,141,92,1867
29,3,38,4,23,141,92,1868
29,3,38,4,23,141,92,1869
29,3,38,4,23,142,16,1870
29,3,38,4,23,142,16,1871
29,3,38,4,23,142,16,1872
29,3,38,4,23,142,16,1873
29,3,38,4,23,142,16,1874
29,3,38,4,23,142,16,1875
29,3,38,4,23,142,16,1876
29,3,38,4,23,142,16,1877
29,3,38,4,23,142,16,1878
29,3,42,4,23,142,16,1879
29,3,42,4,23,142,16,1880
29,3,42,4,23,142,16,1881
29,3,42,4,23,142,16,1882
29,3,20,4,23,142,16,1883
29,3,42,4,23,142,16,1884
29,3,42,4,23,142,16,1885
29,3,42,4,23,143,16,1886
29,3,42,4,23,143,16,1887
29,3,42,4,23,143,16,1888
29,3,42,4,23,143,16,1889
29,3,38,4,23,143,16,1890
29,3,38,4,23,143,16,1891
29,3,38,4,23,143,16,1892
29,3,38,4,23,143,16,1893
29,3,38,4,23,143,16,1894
29,3,38,4,13,144,49,1895
29,3,38,4,13,144,49,1896
29,3,38,4,13,144,49,1897
29,3,38,4,13,144,49,1898
29,4,38,4,13,144,49,1899
29,4,38,4,13,144,49,1900
29,4,38,1,13,144,49,1901
29,4,38,1,13,144,49,1902
29,4,38,1,13,144,49,1903
29,4,38,1,13,144,49,1904
29,4,38,1,13,144,49,1905
29,4,38,1,13,144,49,1906
29,4,38,1,13,144,49,1907
29,4,38,1,13,144,49,1908
29,4,38,1,13,144,49,1909
29,4,38,1,13,144,49,1910
29,4,38,1,13,144,49,1911
29,4,38,1,13,144,49,1912
29,4,38,1,13,144,49,1913
29,4,38,1,13,144,49,1914
30,4,38,1,13,145,99,1915
30,4,38,1,13,145,99,1916
30,4,38,1,13,145,99,1917
30,4,38,1,13,145,99,1918
30,4,38,1,13,145,99,1919
30,4,38,1,13,145,99,1920
30,4,36,1,13,145,99,1921
30,4,36,1,13,145,99,1922
30,4,38,1,13,145,99,1923
30,4,36,1,13,145,99,1924
30,4,36,1,13,146,76,1925
30,4,36,1,13,146,76,1926
30,4,36,1,13,146,76,1927
30,4,36,1,13,146,76,1928
30,4,36,1,13,146,76,1929
30,4,36,1,13,146,76,1930
30,4,36,1,13,146,76,1931
30,4,36,1,13,146,76,1932
30,4,2,1,13,146,76,1933
30,4,2,1,13,146,76,1934
30,4,2,1,13,146,76,1935
30,4,2,1,13,147,76,1936
30,4,2,1,13,147,76,1937
30,4,39,1,13,147,76,1938
30,4,2,1,13,147,76,1939
30,4,39,1,13,147,76,1940
30,4,39,1,13,147,76,1941
30,4,39,1,13,147,28,1942
30,4,39,1,13,147,28,1943
30,4,36,1,13,147,28,1944
30,4,39,1,13,147,28,1945
30,4,39,1,13,147,28,1946
30,4,39,1,13,147,28,1947
30,4,39,1,13,148,28,1948
30,4,39,1,13,148,28,1949
30,4,39,1,13,148,28,1950
30,4,39,1,13,148,28,1951
30,4,39,1,13,148,28,1952
30,4,39,1,13,148,28,1953
30,4,39,1,13,148,28,1954
30,4,40,1,13,148,28,1955
30,4,40,1,13,148,28,1956
30,4,40,1,13,148,28,1957
30,4,40,1,13,148,28,1958
30,4,40,1,13,148,28,1959
30,4,40,1,13,148,28,1960
30,4,40,1,13,148,28,1961
30,4,40,8,13,148,28,1962
30,4,40,1,13,148,28,1963
30,4,40,8,13,148,28,1964
1,4,40,8,13,149,55,1965
1,4,40,8,13,149,55,1966
1,4,42,8,13,149,55,1967
1,4,40,8,13,149,55,1968
1,4,40,8,13,149,55,1969
1,4,42,8,13,149,55,1970
1,4,42,8,13,149,55,1971
1,4,42,8,13,149,55,1972
1,4,42,8,13,149,55,1973
1,4,42,8,13,149,55,1974
1,4,42,8,13,149,55,1975
1,4,42,8,13,149,55,1976
1,4,37,8,13,150,55,1977
1,4,37,8,13,150,55,1978
1,4,37,8,13,150,55,1979
1,4,37,8,13,150,55,1980
1,4,23,8,13,150,55,1981
1,4,37,8,13,150,55,1982
1,4,37,8,16,150,55,1983
1,4,37,8,16,150,50,1984
1,4,37,8,16,150,50,1985
1,4,37,8,16,150,50,1986
1,4,37,8,16,150,50,1987
1,4,37,8,16,150,50,1988
1,4,37,8,16,150,50,1989
1,4,37,8,16,150,50,1990
1,4,37,8,16,1,50,1991
1,4,26,8,16,1,50,1992
1,4,26,8,16,1,50,1993
1,4,26,8,16,1,50,1994
1,4,26,8,16,1,50,1995
1,4,26,8,16,1,50,1996
1,4,1,8,16,1,50,1997
1,4,1,8,16,1,50,1998
1,4,1,8,16,1,50,1999
1,4,1,8,16,1,50,2000
