"fg","sp","Id"
8,5,1
8,5,2
8,5,3
8,5,4
8,5,5
8,5,6
8,5,7
8,5,8
8,5,9
8,5,10
8,5,11
8,5,12
8,5,13
8,5,14
8,5,15
8,5,16
8,5,17
8,5,18
8,5,19
8,5,20
8,5,21
8,5,22
8,5,23
8,5,24
8,5,25
8,5,26
8,5,27
8,5,28
8,5,29
8,5,30
8,5,31
8,5,32
8,5,33
8,5,34
8,5,35
8,5,36
8,5,37
8,5,38
8,5,39
8,5,40
8,5,41
8,5,42
8,5,43
8,5,44
8,5,45
8,5,46
8,5,47
8,5,48
8,5,49
8,5,50
8,5,51
8,5,52
8,5,53
8,5,54
8,5,55
8,5,56
8,5,57
8,5,58
8,5,59
8,5,60
8,5,61
8,5,62
8,10,63
8,10,64
8,10,65
8,10,66
8,10,67
8,10,68
8,10,69
8,10,70
8,10,71
8,10,72
8,10,73
8,10,74
8,10,75
8,10,76
8,10,77
8,10,78
8,10,79
8,10,80
8,10,81
8,10,82
8,10,83
8,10,84
8,10,85
8,10,86
8,10,87
8,10,88
8,10,89
8,10,90
8,10,91
8,10,92
8,10,93
8,10,94
8,10,95
8,10,96
8,10,97
8,10,98
8,10,99
8,10,100
8,10,101
8,10,102
8,10,103
8,10,104
8,10,105
8,10,106
8,10,107
8,10,108
8,10,109
8,10,110
8,10,111
8,10,112
8,10,113
8,10,114
8,10,115
8,10,116
8,10,117
8,10,118
8,10,119
8,10,120
8,10,121
8,10,122
8,10,123
8,10,124
8,10,125
8,10,126
8,10,127
8,10,128
8,10,129
8,10,130
8,10,131
8,10,132
8,10,133
8,10,134
8,10,135
8,10,136
8,10,137
8,10,138
8,10,139
8,10,140
8,10,141
8,10,142
8,10,143
8,10,144
8,10,145
8,10,146
8,10,147
8,10,148
8,10,149
8,10,150
8,10,151
8,10,152
8,10,153
8,10,154
8,10,155
8,10,156
8,10,157
8,10,158
8,10,159
8,10,160
8,10,161
8,10,162
8,10,163
8,10,164
8,10,165
8,10,166
8,10,167
8,10,168
8,10,169
8,10,170
8,10,171
8,10,172
8,10,173
8,10,174
8,10,175
8,10,176
8,10,177
8,10,178
8,10,179
8,10,180
8,10,181
8,10,182
8,10,183
8,10,184
8,10,185
8,10,186
8,10,187
8,10,188
8,10,189
8,10,190
8,1,191
8,1,192
8,1,193
8,1,194
8,1,195
8,1,196
8,1,197
8,1,198
8,1,199
8,1,200
8,1,201
8,1,202
8,1,203
8,1,204
8,1,205
8,1,206
8,1,207
8,1,208
8,1,209
8,1,210
8,1,211
8,1,212
8,1,213
8,1,214
8,1,215
8,1,216
8,1,217
8,1,218
8,1,219
8,1,220
8,1,221
8,1,222
8,1,223
8,1,224
8,1,225
8,1,226
8,1,227
8,1,228
8,1,229
8,1,230
8,1,231
8,1,232
8,1,233
8,1,234
8,1,235
8,1,236
8,1,237
8,1,238
8,1,239
8,1,240
8,1,241
8,1,242
8,1,243
8,1,244
8,1,245
8,1,246
8,1,247
8,1,248
8,1,249
8,1,250
8,1,251
8,1,252
8,1,253
8,1,254
8,1,255
8,1,256
8,1,257
8,1,258
8,1,259
8,1,260
8,1,261
8,1,262
8,1,263
8,1,264
8,1,265
8,1,266
8,1,267
8,1,268
8,1,269
8,1,270
8,1,271
8,1,272
8,1,273
8,1,274
8,1,275
8,1,276
8,1,277
8,1,278
8,1,279
8,1,280
8,1,281
8,1,282
8,1,283
8,1,284
8,1,285
8,1,286
8,1,287
8,1,288
8,1,289
8,1,290
8,1,291
8,1,292
8,1,293
8,1,294
8,1,295
8,1,296
8,1,297
8,1,298
8,1,299
8,1,300
8,1,301
8,1,302
8,1,303
8,1,304
8,9,305
8,9,306
8,9,307
8,9,308
8,9,309
8,9,310
8,9,311
8,9,312
8,9,313
8,9,314
8,9,315
8,9,316
8,9,317
8,9,318
8,9,319
8,9,320
8,9,321
8,9,322
8,9,323
8,9,324
8,9,325
8,9,326
8,9,327
8,9,328
8,9,329
8,9,330
8,9,331
8,9,332
8,9,333
8,9,334
8,9,335
8,9,336
8,9,337
8,9,338
8,9,339
8,9,340
8,9,341
8,9,342
8,9,343
8,9,344
8,9,345
8,9,346
8,9,347
8,9,348
8,9,349
8,9,350
8,9,351
8,9,352
8,9,353
8,9,354
8,9,355
8,9,356
8,9,357
8,9,358
8,9,359
10,9,360
10,9,361
10,9,362
10,9,363
10,9,364
10,9,365
10,9,366
10,9,367
10,9,368
10,9,369
10,9,370
10,9,371
10,9,372
10,9,373
10,9,374
10,9,375
10,9,376
10,9,377
10,9,378
10,9,379
10,9,380
10,9,381
10,9,382
10,9,383
10,9,384
10,9,385
10,9,386
10,9,387
10,9,388
10,9,389
10,9,390
10,9,391
10,9,392
10,9,393
10,9,394
10,9,395
10,9,396
10,9,397
10,9,398
10,9,399
10,9,400
10,9,401
10,9,402
10,8,403
10,8,404
10,8,405
10,8,406
10,8,407
10,8,408
10,8,409
10,8,410
10,8,411
10,8,412
10,8,413
10,8,414
10,8,415
10,8,416
10,8,417
10,8,418
10,8,419
10,8,420
10,8,421
10,8,422
10,8,423
10,8,424
10,8,425
10,8,426
10,8,427
10,8,428
10,8,429
10,8,430
10,8,431
10,8,432
10,8,433
10,8,434
10,8,435
10,8,436
10,8,437
10,8,438
10,8,439
10,8,440
10,8,441
10,8,442
10,8,443
10,8,444
10,8,445
10,8,446
10,8,447
10,8,448
10,8,449
10,8,450
10,8,451
10,8,452
10,8,453
10,8,454
10,8,455
10,8,456
10,8,457
10,8,458
10,8,459
10,8,460
10,8,461
10,8,462
10,8,463
10,8,464
10,8,465
10,8,466
10,8,467
10,8,468
10,8,469
10,8,470
10,8,471
10,8,472
10,8,473
10,8,474
10,8,475
10,8,476
10,8,477
10,8,478
10,8,479
10,8,480
10,8,481
10,8,482
10,8,483
10,8,484
10,8,485
10,8,486
10,8,487
10,8,488
10,8,489
10,8,490
10,8,491
10,8,492
10,8,493
10,8,494
10,8,495
10,8,496
10,8,497
10,8,498
10,8,499
10,8,500
10,8,501
10,8,502
10,8,503
10,8,504
10,8,505
10,8,506
10,8,507
10,8,508
10,8,509
10,8,510
10,8,511
10,8,512
10,8,513
10,8,514
10,8,515
10,8,516
10,8,517
10,8,518
10,8,519
10,8,520
10,8,521
10,8,522
10,8,523
10,8,524
10,8,525
10,8,526
10,8,527
10,8,528
10,8,529
10,8,530
10,8,531
10,8,532
10,8,533
10,8,534
10,8,535
10,8,536
10,8,537
10,8,538
10,8,539
10,8,540
10,8,541
10,8,542
10,8,543
10,8,544
10,8,545
10,8,546
10,8,547
10,8,548
10,8,549
10,8,550
10,8,551
10,8,552
10,8,553
10,8,554
10,8,555
10,8,556
10,8,557
10,8,558
10,8,559
10,8,560
10,8,561
10,8,562
10,8,563
10,8,564
10,8,565
10,8,566
10,8,567
10,8,568
10,8,569
10,8,570
10,8,571
10,8,572
10,8,573
10,8,574
10,8,575
10,8,576
10,8,577
10,8,578
10,8,579
10,8,580
10,8,581
10,8,582
10,8,583
10,8,584
10,1,585
10,1,586
10,1,587
10,1,588
10,1,589
10,1,590
10,1,591
10,1,592
10,1,593
10,1,594
10,1,595
10,1,596
10,1,597
10,1,598
10,1,599
10,1,600
10,1,601
10,1,602
10,1,603
10,1,604
10,1,605
10,1,606
10,1,607
10,1,608
10,1,609
10,1,610
10,1,611
10,1,612
10,1,613
10,10,614
10,10,615
10,10,616
10,10,617
10,10,618
10,10,619
10,10,620
10,10,621
10,10,622
10,10,623
10,10,624
10,10,625
10,10,626
10,10,627
10,10,628
10,10,629
10,10,630
10,10,631
10,10,632
10,10,633
10,10,634
10,10,635
10,10,636
10,10,637
10,10,638
10,10,639
10,10,640
10,10,641
10,10,642
10,10,643
10,10,644
10,10,645
10,10,646
10,10,647
10,10,648
10,10,649
10,10,650
10,10,651
10,10,652
10,10,653
10,10,654
10,10,655
10,10,656
10,10,657
10,10,658
10,10,659
10,10,660
10,10,661
10,10,662
10,10,663
10,10,664
10,10,665
10,10,666
10,10,667
10,10,668
10,10,669
10,10,670
10,10,671
10,10,672
10,10,673
10,10,674
10,10,675
10,10,676
10,10,677
10,10,678
10,10,679
10,10,680
10,10,681
10,10,682
10,10,683
10,10,684
10,10,685
10,9,686
10,9,687
10,9,688
10,9,689
10,9,690
10,9,691
10,9,692
10,9,693
10,9,694
10,9,695
10,9,696
10,9,697
10,9,698
10,9,699
7,9,700
7,9,701
7,9,702
7,9,703
7,9,704
7,9,705
7,9,706
7,9,707
7,9,708
7,9,709
7,9,710
7,9,711
7,9,712
7,9,713
7,9,714
7,9,715
7,9,716
7,9,717
7,9,718
7,9,719
7,9,720
7,9,721
7,9,722
7,9,723
7,9,724
7,9,725
7,9,726
7,9,727
7,9,728
7,9,729
7,9,730
7,9,731
7,9,732
7,9,733
7,9,734
7,9,735
7,9,736
7,9,737
7,9,738
7,9,739
7,9,740
7,9,741
7,9,742
7,9,743
7,9,744
7,9,745
7,9,746
7,9,747
7,9,748
7,9,749
7,9,750
7,9,751
7,9,752
7,9,753
7,9,754
7,9,755
7,9,756
7,9,757
7,9,758
7,9,759
7,9,760
7,9,761
7,9,762
7,9,763
7,9,764
7,9,765
7,9,766
7,9,767
7,9,768
7,9,769
7,9,770
7,9,771
7,9,772
7,9,773
7,9,774
7,9,775
7,9,776
7,9,777
7,9,778
7,9,779
7,9,780
7,9,781
7,9,782
7,9,783
7,9,784
7,9,785
7,6,786
7,6,787
7,6,788
7,6,789
7,6,790
7,6,791
7,6,792
7,6,793
7,6,794
7,6,795
7,6,796
7,6,797
7,6,798
7,6,799
7,6,800
7,6,801
7,6,802
7,6,803
7,6,804
7,6,805
7,6,806
7,6,807
7,6,808
7,6,809
7,6,810
7,6,811
7,6,812
7,6,813
7,6,814
7,6,815
7,6,816
7,6,817
7,6,818
7,6,819
7,6,820
7,6,821
7,6,822
7,6,823
7,6,824
7,6,825
7,6,826
7,6,827
7,6,828
7,6,829
7,6,830
7,6,831
7,6,832
7,6,833
7,6,834
7,6,835
7,10,836
7,10,837
7,10,838
7,10,839
7,10,840
7,10,841
7,10,842
7,10,843
7,10,844
7,10,845
7,10,846
7,10,847
7,10,848
7,10,849
7,10,850
7,10,851
7,10,852
7,10,853
7,10,854
7,10,855
7,10,856
7,10,857
7,10,858
7,10,859
7,10,860
7,10,861
7,10,862
7,10,863
7,10,864
7,10,865
7,10,866
7,10,867
7,10,868
7,10,869
7,10,870
7,10,871
7,10,872
7,10,873
7,10,874
7,10,875
7,10,876
7,10,877
7,10,878
7,10,879
7,10,880
7,10,881
7,10,882
7,10,883
7,10,884
7,10,885
7,10,886
7,10,887
7,10,888
7,10,889
7,10,890
7,10,891
7,10,892
7,10,893
7,10,894
7,10,895
7,10,896
7,10,897
7,10,898
7,10,899
7,10,900
7,10,901
7,10,902
7,10,903
7,10,904
7,10,905
7,10,906
7,10,907
7,10,908
7,10,909
7,10,910
7,10,911
7,10,912
7,9,913
7,9,914
7,9,915
7,9,916
7,9,917
7,9,918
7,9,919
7,9,920
7,9,921
7,9,922
7,9,923
7,9,924
7,9,925
7,9,926
7,9,927
7,9,928
7,9,929
7,9,930
7,9,931
7,9,932
10,9,933
7,9,934
7,9,935
7,9,936
7,9,937
7,9,938
7,9,939
7,9,940
7,9,941
7,9,942
7,9,943
7,9,944
7,9,945
7,9,946
7,9,947
7,9,948
7,9,949
7,9,950
7,9,951
7,9,952
7,9,953
7,9,954
7,9,955
7,9,956
7,9,957
5,9,958
5,9,959
5,9,960
5,9,961
5,9,962
5,9,963
5,9,964
5,9,965
5,9,966
5,9,967
5,9,968
5,9,969
5,9,970
5,9,971
5,9,972
5,9,973
5,9,974
5,9,975
5,9,976
5,9,977
5,9,978
5,9,979
5,9,980
5,9,981
5,9,982
5,9,983
5,9,984
5,9,985
5,9,986
5,9,987
5,9,988
5,9,989
5,9,990
5,9,991
5,9,992
5,9,993
5,9,994
5,9,995
5,9,996
5,9,997
5,9,998
5,9,999
5,9,1000
5,9,1001
5,9,1002
5,9,1003
5,9,1004
5,9,1005
5,9,1006
5,9,1007
5,9,1008
5,9,1009
5,9,1010
5,9,1011
5,9,1012
5,9,1013
5,9,1014
5,9,1015
5,9,1016
5,9,1017
5,2,1018
5,2,1019
5,2,1020
5,2,1021
5,2,1022
5,2,1023
5,2,1024
5,2,1025
5,2,1026
5,2,1027
5,2,1028
5,2,1029
5,2,1030
5,2,1031
5,2,1032
5,2,1033
5,2,1034
5,2,1035
5,2,1036
5,2,1037
5,2,1038
5,2,1039
5,2,1040
5,2,1041
5,2,1042
5,2,1043
5,2,1044
5,2,1045
5,2,1046
5,2,1047
5,2,1048
5,2,1049
5,2,1050
5,2,1051
5,2,1052
5,2,1053
5,2,1054
5,2,1055
5,2,1056
5,2,1057
5,2,1058
5,2,1059
5,2,1060
5,2,1061
5,2,1062
5,2,1063
5,2,1064
5,2,1065
5,2,1066
5,2,1067
5,2,1068
5,9,1069
5,5,1070
5,7,1071
5,7,1072
5,7,1073
5,7,1074
5,7,1075
5,7,1076
5,7,1077
5,7,1078
5,7,1079
5,7,1080
5,7,1081
5,7,1082
5,7,1083
5,7,1084
5,7,1085
5,7,1086
5,7,1087
5,7,1088
5,7,1089
5,7,1090
5,7,1091
5,7,1092
5,7,1093
5,7,1094
5,7,1095
5,7,1096
5,7,1097
5,7,1098
5,7,1099
5,7,1100
5,7,1101
5,7,1102
4,7,1103
5,7,1104
5,7,1105
5,7,1106
5,7,1107
5,7,1108
5,7,1109
5,7,1110
5,7,1111
5,7,1112
5,7,1113
5,7,1114
5,7,1115
5,7,1116
5,7,1117
5,7,1118
5,7,1119
5,7,1120
5,7,1121
5,7,1122
5,7,1123
5,7,1124
5,7,1125
5,7,1126
5,7,1127
5,7,1128
5,7,1129
5,7,1130
5,7,1131
5,7,1132
5,7,1133
5,7,1134
5,7,1135
5,7,1136
5,7,1137
5,7,1138
5,7,1139
5,7,1140
5,7,1141
5,7,1142
5,7,1143
5,7,1144
5,7,1145
5,7,1146
5,7,1147
5,7,1148
5,7,1149
5,7,1150
5,7,1151
5,7,1152
5,7,1153
5,7,1154
5,7,1155
5,7,1156
5,7,1157
5,7,1158
5,7,1159
5,7,1160
5,7,1161
5,7,1162
5,7,1163
5,7,1164
5,7,1165
5,7,1166
5,7,1167
5,7,1168
5,7,1169
5,7,1170
5,7,1171
5,7,1172
5,7,1173
5,7,1174
5,7,1175
5,7,1176
5,7,1177
5,7,1178
5,7,1179
5,7,1180
5,7,1181
5,7,1182
5,7,1183
5,7,1184
5,7,1185
5,7,1186
5,7,1187
5,7,1188
5,7,1189
5,7,1190
5,7,1191
5,7,1192
5,7,1193
5,7,1194
5,7,1195
5,7,1196
5,7,1197
5,7,1198
5,7,1199
5,7,1200
5,7,1201
5,7,1202
5,7,1203
5,7,1204
5,7,1205
5,7,1206
5,7,1207
5,7,1208
5,7,1209
5,7,1210
5,7,1211
5,7,1212
5,7,1213
9,7,1214
9,7,1215
9,7,1216
9,7,1217
9,7,1218
9,7,1219
9,7,1220
9,7,1221
9,7,1222
9,7,1223
9,7,1224
9,7,1225
9,7,1226
9,7,1227
9,7,1228
9,7,1229
9,7,1230
9,7,1231
9,7,1232
9,7,1233
9,7,1234
9,7,1235
9,7,1236
9,7,1237
9,7,1238
9,7,1239
9,7,1240
9,7,1241
9,7,1242
9,7,1243
9,7,1244
9,7,1245
9,7,1246
9,7,1247
9,7,1248
9,7,1249
9,7,1250
9,7,1251
9,7,1252
9,7,1253
9,7,1254
9,7,1255
9,7,1256
9,7,1257
9,7,1258
9,7,1259
9,7,1260
9,7,1261
9,7,1262
9,7,1263
9,7,1264
9,1,1265
9,1,1266
9,1,1267
9,1,1268
9,1,1269
9,1,1270
9,1,1271
9,1,1272
9,1,1273
9,1,1274
9,1,1275
9,1,1276
9,1,1277
9,1,1278
9,1,1279
9,1,1280
9,1,1281
9,1,1282
9,1,1283
9,1,1284
9,1,1285
9,1,1286
9,1,1287
9,1,1288
9,1,1289
9,1,1290
9,1,1291
9,1,1292
9,1,1293
9,1,1294
9,1,1295
9,1,1296
9,1,1297
9,1,1298
9,1,1299
9,1,1300
9,1,1301
9,1,1302
9,1,1303
9,1,1304
9,1,1305
9,1,1306
9,1,1307
9,1,1308
9,1,1309
9,1,1310
9,1,1311
9,1,1312
9,1,1313
9,1,1314
9,1,1315
9,1,1316
9,1,1317
9,1,1318
9,1,1319
9,1,1320
9,1,1321
9,1,1322
9,1,1323
9,1,1324
9,1,1325
9,1,1326
9,1,1327
9,1,1328
9,1,1329
9,1,1330
9,1,1331
9,1,1332
9,1,1333
9,1,1334
9,7,1335
9,7,1336
9,7,1337
9,7,1338
9,7,1339
9,7,1340
9,7,1341
9,7,1342
9,7,1343
9,7,1344
9,7,1345
9,7,1346
9,7,1347
9,7,1348
9,7,1349
9,7,1350
9,7,1351
9,7,1352
9,7,1353
9,7,1354
9,7,1355
9,7,1356
9,7,1357
9,7,1358
9,7,1359
9,7,1360
9,7,1361
9,7,1362
9,7,1363
9,7,1364
9,7,1365
9,7,1366
9,7,1367
4,7,1368
4,7,1369
4,7,1370
4,7,1371
4,7,1372
4,7,1373
4,7,1374
4,7,1375
4,7,1376
4,7,1377
4,7,1378
4,7,1379
4,7,1380
4,7,1381
4,7,1382
4,7,1383
4,7,1384
4,7,1385
4,7,1386
4,7,1387
4,7,1388
4,7,1389
4,7,1390
4,7,1391
4,7,1392
4,7,1393
4,7,1394
4,7,1395
4,7,1396
4,7,1397
4,7,1398
4,7,1399
4,7,1400
4,7,1401
4,7,1402
4,7,1403
4,7,1404
4,7,1405
4,7,1406
4,7,1407
4,7,1408
4,7,1409
4,7,1410
4,7,1411
4,3,1412
4,3,1413
4,3,1414
4,3,1415
4,3,1416
4,3,1417
4,3,1418
4,3,1419
4,3,1420
4,3,1421
4,3,1422
4,3,1423
4,3,1424
4,3,1425
4,3,1426
4,3,1427
4,3,1428
4,3,1429
4,3,1430
4,3,1431
4,3,1432
4,3,1433
4,3,1434
4,3,1435
4,3,1436
4,3,1437
4,3,1438
4,3,1439
4,3,1440
4,3,1441
4,3,1442
4,3,1443
4,3,1444
4,3,1445
4,3,1446
4,3,1447
4,3,1448
4,3,1449
4,3,1450
4,3,1451
4,3,1452
4,3,1453
4,3,1454
4,3,1455
4,3,1456
4,3,1457
4,3,1458
4,3,1459
4,3,1460
4,3,1461
4,3,1462
4,3,1463
4,3,1464
4,3,1465
4,3,1466
4,3,1467
4,3,1468
4,5,1469
4,5,1470
4,5,1471
4,5,1472
4,5,1473
4,5,1474
4,5,1475
4,5,1476
4,5,1477
4,5,1478
4,5,1479
4,5,1480
4,5,1481
4,5,1482
4,5,1483
4,5,1484
4,5,1485
4,5,1486
4,5,1487
4,5,1488
4,5,1489
4,5,1490
4,5,1491
4,5,1492
4,5,1493
4,5,1494
4,5,1495
4,5,1496
4,5,1497
4,5,1498
4,5,1499
4,5,1500
4,5,1501
4,5,1502
4,5,1503
4,5,1504
4,5,1505
4,5,1506
4,5,1507
4,5,1508
4,5,1509
4,5,1510
4,5,1511
4,5,1512
4,5,1513
4,5,1514
4,5,1515
4,5,1516
4,5,1517
4,5,1518
4,5,1519
4,5,1520
4,5,1521
4,5,1522
4,5,1523
4,5,1524
4,5,1525
4,5,1526
4,5,1527
4,5,1528
4,5,1529
4,5,1530
4,5,1531
4,5,1532
4,5,1533
4,5,1534
4,5,1535
4,5,1536
4,5,1537
4,5,1538
4,5,1539
4,5,1540
4,5,1541
4,5,1542
4,5,1543
4,5,1544
4,5,1545
4,5,1546
4,5,1547
4,5,1548
4,5,1549
4,5,1550
4,5,1551
4,5,1552
4,5,1553
4,5,1554
4,5,1555
4,5,1556
4,5,1557
4,5,1558
4,5,1559
4,5,1560
4,5,1561
4,5,1562
4,5,1563
4,5,1564
4,6,1565
4,6,1566
4,6,1567
4,6,1568
4,6,1569
4,6,1570
4,6,1571
4,6,1572
4,6,1573
4,6,1574
4,6,1575
4,6,1576
4,6,1577
4,6,1578
4,6,1579
4,6,1580
4,6,1581
4,6,1582
4,6,1583
4,6,1584
4,6,1585
4,6,1586
4,6,1587
4,6,1588
4,6,1589
4,6,1590
4,6,1591
4,6,1592
4,6,1593
4,6,1594
4,6,1595
4,6,1596
4,6,1597
4,6,1598
4,6,1599
4,6,1600
4,6,1601
4,6,1602
4,6,1603
4,6,1604
4,6,1605
4,6,1606
4,6,1607
4,6,1608
4,6,1609
4,6,1610
4,6,1611
4,6,1612
4,6,1613
4,6,1614
4,6,1615
4,6,1616
4,6,1617
4,6,1618
4,6,1619
4,6,1620
4,6,1621
4,6,1622
4,6,1623
4,6,1624
4,2,1625
4,2,1626
4,2,1627
4,2,1628
4,2,1629
4,2,1630
4,2,1631
4,2,1632
4,2,1633
4,2,1634
4,2,1635
4,2,1636
4,2,1637
4,2,1638
4,2,1639
4,2,1640
4,2,1641
4,2,1642
4,2,1643
4,2,1644
4,2,1645
4,2,1646
4,2,1647
4,2,1648
4,2,1649
4,2,1650
4,2,1651
4,2,1652
4,2,1653
4,2,1654
4,2,1655
4,2,1656
4,2,1657
4,2,1658
4,2,1659
4,2,1660
4,2,1661
4,2,1662
4,2,1663
4,2,1664
4,2,1665
4,2,1666
4,2,1667
4,2,1668
4,2,1669
4,2,1670
4,2,1671
4,2,1672
4,2,1673
4,2,1674
4,2,1675
4,2,1676
4,2,1677
4,2,1678
4,2,1679
4,2,1680
4,2,1681
4,2,1682
4,2,1683
4,2,1684
4,2,1685
4,2,1686
4,2,1687
4,2,1688
4,2,1689
4,2,1690
4,2,1691
4,2,1692
4,2,1693
4,2,1694
4,2,1695
4,2,1696
4,2,1697
4,2,1698
4,2,1699
4,2,1700
4,2,1701
4,2,1702
4,2,1703
4,2,1704
4,2,1705
4,2,1706
4,2,1707
4,2,1708
4,2,1709
4,2,1710
4,2,1711
4,2,1712
4,2,1713
4,2,1714
4,2,1715
4,2,1716
4,2,1717
4,2,1718
4,2,1719
4,2,1720
4,2,1721
4,2,1722
4,2,1723
4,2,1724
4,2,1725
4,2,1726
4,2,1727
4,2,1728
4,2,1729
4,2,1730
4,2,1731
4,2,1732
4,2,1733
4,2,1734
4,2,1735
4,2,1736
4,2,1737
4,2,1738
4,2,1739
4,2,1740
4,2,1741
4,2,1742
4,2,1743
4,2,1744
4,2,1745
4,2,1746
4,2,1747
4,2,1748
4,2,1749
4,2,1750
4,2,1751
4,2,1752
4,2,1753
4,2,1754
4,2,1755
4,2,1756
4,2,1757
4,2,1758
4,2,1759
4,2,1760
4,2,1761
4,2,1762
4,2,1763
4,2,1764
4,2,1765
4,2,1766
4,2,1767
4,2,1768
4,2,1769
4,2,1770
4,2,1771
4,2,1772
4,4,1773
4,4,1774
4,4,1775
4,4,1776
4,4,1777
4,4,1778
4,4,1779
4,4,1780
4,4,1781
4,4,1782
4,4,1783
4,4,1784
4,4,1785
4,4,1786
4,4,1787
4,4,1788
4,4,1789
4,4,1790
4,4,1791
4,4,1792
4,4,1793
4,4,1794
4,4,1795
4,4,1796
4,4,1797
4,4,1798
4,4,1799
4,4,1800
4,4,1801
4,4,1802
4,4,1803
4,4,1804
4,4,1805
4,4,1806
4,4,1807
4,4,1808
4,4,1809
4,4,1810
4,4,1811
4,4,1812
4,4,1813
4,4,1814
4,4,1815
4,4,1816
4,4,1817
4,4,1818
4,4,1819
4,4,1820
4,4,1821
4,4,1822
4,4,1823
4,4,1824
4,4,1825
4,4,1826
4,4,1827
4,4,1828
4,4,1829
4,4,1830
4,4,1831
4,4,1832
4,4,1833
4,4,1834
4,4,1835
4,4,1836
4,4,1837
4,4,1838
4,4,1839
4,4,1840
4,4,1841
4,4,1842
4,4,1843
4,4,1844
4,4,1845
4,4,1846
4,4,1847
4,4,1848
4,4,1849
4,4,1850
4,4,1851
4,4,1852
4,4,1853
4,4,1854
4,4,1855
4,4,1856
4,4,1857
4,4,1858
4,4,1859
4,4,1860
4,4,1861
4,4,1862
4,4,1863
4,4,1864
4,4,1865
4,4,1866
4,4,1867
4,4,1868
4,4,1869
4,4,1870
4,4,1871
4,4,1872
4,4,1873
4,4,1874
4,4,1875
4,4,1876
4,4,1877
4,4,1878
4,4,1879
4,4,1880
4,4,1881
4,4,1882
4,4,1883
4,4,1884
4,4,1885
4,4,1886
4,4,1887
4,4,1888
4,4,1889
4,4,1890
4,4,1891
4,4,1892
4,4,1893
4,4,1894
4,4,1895
4,8,1896
4,8,1897
4,8,1898
4,8,1899
5,8,1900
4,8,1901
4,8,1902
4,8,1903
3,8,1904
3,8,1905
3,8,1906
3,8,1907
3,8,1908
3,8,1909
3,8,1910
3,8,1911
3,8,1912
3,8,1913
3,8,1914
3,8,1915
3,8,1916
3,8,1917
3,8,1918
3,8,1919
3,8,1920
3,8,1921
3,8,1922
3,8,1923
3,8,1924
3,8,1925
3,8,1926
3,8,1927
3,8,1928
3,8,1929
3,8,1930
3,8,1931
3,8,1932
3,8,1933
3,8,1934
3,8,1935
3,8,1936
3,8,1937
3,8,1938
3,8,1939
3,8,1940
3,8,1941
3,8,1942
3,8,1943
3,8,1944
3,8,1945
3,8,1946
3,8,1947
3,8,1948
3,8,1949
3,8,1950
3,8,1951
3,8,1952
3,8,1953
3,8,1954
3,8,1955
3,8,1956
3,8,1957
3,8,1958
3,8,1959
3,8,1960
3,8,1961
3,8,1962
3,8,1963
3,8,1964
3,8,1965
3,8,1966
3,8,1967
3,8,1968
2,8,1969
2,8,1970
2,8,1971
2,8,1972
2,8,1973
2,8,1974
2,8,1975
2,8,1976
2,8,1977
2,8,1978
2,8,1979
2,8,1980
2,8,1981
2,8,1982
2,8,1983
2,8,1984
2,8,1985
2,8,1986
2,8,1987
2,8,1988
2,8,1989
2,8,1990
2,8,1991
2,8,1992
2,8,1993
2,8,1994
2,8,1995
2,8,1996
2,8,1997
2,8,1998
2,8,1999
2,8,2000
2,8,2001
2,8,2002
2,8,2003
2,8,2004
2,8,2005
2,8,2006
2,8,2007
2,6,2008
2,6,2009
2,6,2010
2,6,2011
2,6,2012
2,6,2013
2,6,2014
2,6,2015
2,6,2016
2,6,2017
2,6,2018
2,6,2019
2,6,2020
2,6,2021
2,6,2022
2,6,2023
2,6,2024
2,6,2025
2,6,2026
2,6,2027
2,6,2028
2,6,2029
2,6,2030
2,6,2031
2,6,2032
2,6,2033
2,6,2034
2,6,2035
2,6,2036
2,6,2037
2,6,2038
2,6,2039
2,6,2040
2,6,2041
2,6,2042
2,6,2043
2,6,2044
2,6,2045
2,6,2046
2,6,2047
2,6,2048
2,6,2049
2,6,2050
2,6,2051
2,6,2052
2,6,2053
2,6,2054
2,6,2055
2,6,2056
2,6,2057
2,6,2058
2,6,2059
2,6,2060
2,6,2061
2,6,2062
2,6,2063
2,6,2064
2,6,2065
2,6,2066
2,6,2067
2,6,2068
2,6,2069
2,6,2070
2,6,2071
2,6,2072
2,6,2073
2,6,2074
2,6,2075
2,6,2076
2,6,2077
2,6,2078
2,6,2079
2,6,2080
2,6,2081
2,6,2082
2,6,2083
2,6,2084
2,6,2085
2,6,2086
2,6,2087
2,6,2088
2,6,2089
2,6,2090
2,6,2091
2,6,2092
2,6,2093
2,6,2094
2,6,2095
2,6,2096
2,6,2097
2,6,2098
2,6,2099
2,6,2100
2,6,2101
2,6,2102
2,6,2103
2,6,2104
2,6,2105
2,6,2106
2,6,2107
2,6,2108
2,6,2109
2,6,2110
2,6,2111
2,6,2112
2,6,2113
2,6,2114
2,6,2115
2,6,2116
2,6,2117
2,6,2118
2,6,2119
2,6,2120
2,6,2121
2,6,2122
2,6,2123
2,6,2124
2,6,2125
2,6,2126
2,6,2127
2,6,2128
2,6,2129
2,6,2130
2,6,2131
2,6,2132
2,6,2133
2,6,2134
2,6,2135
2,6,2136
2,6,2137
2,6,2138
2,6,2139
2,6,2140
2,6,2141
2,6,2142
2,6,2143
2,6,2144
2,6,2145
2,6,2146
2,6,2147
2,6,2148
2,6,2149
2,6,2150
2,6,2151
2,6,2152
2,6,2153
2,6,2154
2,4,2155
2,4,2156
2,4,2157
2,4,2158
2,4,2159
2,4,2160
2,4,2161
2,4,2162
2,4,2163
2,4,2164
2,4,2165
2,4,2166
2,4,2167
2,4,2168
2,4,2169
2,4,2170
2,4,2171
2,4,2172
2,4,2173
2,4,2174
2,4,2175
2,4,2176
2,4,2177
2,4,2178
2,4,2179
2,4,2180
2,4,2181
2,4,2182
2,4,2183
2,4,2184
2,4,2185
2,4,2186
2,4,2187
2,4,2188
2,4,2189
2,4,2190
2,4,2191
2,4,2192
2,4,2193
2,4,2194
2,4,2195
2,4,2196
2,4,2197
2,4,2198
2,4,2199
2,4,2200
2,4,2201
2,4,2202
2,4,2203
2,4,2204
2,4,2205
2,4,2206
2,4,2207
2,4,2208
2,4,2209
2,4,2210
2,4,2211
2,4,2212
2,4,2213
2,4,2214
2,4,2215
2,4,2216
2,4,2217
2,4,2218
2,4,2219
2,4,2220
2,4,2221
2,4,2222
2,4,2223
2,4,2224
2,4,2225
2,4,2226
2,4,2227
2,4,2228
2,4,2229
2,4,2230
2,4,2231
2,4,2232
2,4,2233
2,4,2234
2,4,2235
2,4,2236
2,4,2237
2,4,2238
2,4,2239
2,4,2240
2,4,2241
2,4,2242
2,4,2243
2,4,2244
2,4,2245
2,4,2246
2,4,2247
2,4,2248
2,4,2249
2,4,2250
2,4,2251
2,4,2252
2,4,2253
2,4,2254
2,4,2255
2,4,2256
2,4,2257
2,4,2258
2,4,2259
2,4,2260
2,4,2261
2,4,2262
2,4,2263
2,4,2264
2,4,2265
2,4,2266
2,4,2267
2,4,2268
2,4,2269
2,4,2270
2,4,2271
2,4,2272
2,4,2273
2,4,2274
2,4,2275
2,4,2276
2,4,2277
2,4,2278
2,4,2279
2,4,2280
2,4,2281
2,4,2282
2,4,2283
2,4,2284
2,4,2285
2,4,2286
2,4,2287
2,4,2288
2,4,2289
2,4,2290
2,4,2291
2,4,2292
2,4,2293
2,4,2294
2,4,2295
2,4,2296
2,4,2297
2,4,2298
2,4,2299
2,4,2300
2,4,2301
2,4,2302
2,4,2303
2,4,2304
2,4,2305
2,4,2306
2,4,2307
2,4,2308
2,4,2309
2,4,2310
2,2,2311
2,2,2312
2,2,2313
2,2,2314
2,2,2315
2,2,2316
2,2,2317
2,2,2318
2,2,2319
2,2,2320
2,2,2321
2,2,2322
2,2,2323
2,2,2324
1,2,2325
2,2,2326
1,2,2327
1,2,2328
1,2,2329
1,2,2330
1,2,2331
1,2,2332
1,2,2333
1,2,2334
1,2,2335
1,2,2336
1,2,2337
1,2,2338
1,2,2339
1,2,2340
1,2,2341
1,2,2342
1,2,2343
1,2,2344
1,2,2345
1,2,2346
1,2,2347
1,2,2348
1,2,2349
1,2,2350
1,2,2351
1,2,2352
1,2,2353
1,2,2354
1,2,2355
1,2,2356
1,2,2357
1,2,2358
1,2,2359
1,2,2360
1,2,2361
1,2,2362
1,2,2363
1,2,2364
1,2,2365
1,2,2366
1,2,2367
1,2,2368
1,2,2369
1,2,2370
1,2,2371
1,2,2372
1,2,2373
1,2,2374
1,2,2375
1,2,2376
1,2,2377
1,2,2378
1,2,2379
1,2,2380
1,2,2381
1,2,2382
1,2,2383
1,2,2384
1,2,2385
1,2,2386
1,2,2387
1,2,2388
1,2,2389
1,2,2390
1,2,2391
1,2,2392
1,2,2393
1,2,2394
1,2,2395
1,2,2396
1,2,2397
1,2,2398
1,2,2399
1,2,2400
1,2,2401
1,2,2402
1,2,2403
1,2,2404
1,2,2405
1,2,2406
1,2,2407
1,2,2408
1,2,2409
1,2,2410
1,2,2411
1,2,2412
1,2,2413
1,2,2414
1,2,2415
1,2,2416
1,2,2417
1,2,2418
1,2,2419
1,2,2420
1,2,2421
1,2,2422
1,2,2423
1,2,2424
1,2,2425
1,2,2426
1,2,2427
1,2,2428
1,2,2429
1,2,2430
1,2,2431
1,8,2432
1,8,2433
1,8,2434
1,8,2435
1,8,2436
1,8,2437
1,8,2438
1,8,2439
1,8,2440
1,8,2441
1,8,2442
1,8,2443
1,8,2444
1,8,2445
1,8,2446
1,8,2447
1,8,2448
1,8,2449
1,8,2450
1,8,2451
1,8,2452
1,8,2453
1,8,2454
1,8,2455
1,8,2456
1,8,2457
1,8,2458
1,8,2459
1,8,2460
1,8,2461
1,8,2462
1,8,2463
1,8,2464
1,8,2465
1,8,2466
1,8,2467
1,8,2468
1,8,2469
1,8,2470
1,8,2471
1,3,2472
1,3,2473
1,3,2474
1,3,2475
1,3,2476
1,3,2477
1,3,2478
1,3,2479
1,3,2480
1,3,2481
1,3,2482
1,3,2483
1,3,2484
1,3,2485
1,3,2486
1,3,2487
1,3,2488
1,3,2489
1,3,2490
1,3,2491
1,3,2492
1,3,2493
1,3,2494
1,3,2495
1,3,2496
1,3,2497
1,3,2498
1,3,2499
1,3,2500
1,3,2501
1,3,2502
1,3,2503
1,3,2504
1,3,2505
1,3,2506
1,3,2507
1,3,2508
1,3,2509
1,3,2510
1,3,2511
1,3,2512
1,3,2513
1,3,2514
1,3,2515
1,3,2516
1,3,2517
1,3,2518
1,3,2519
1,3,2520
1,3,2521
1,3,2522
1,3,2523
1,3,2524
1,3,2525
1,3,2526
1,3,2527
1,3,2528
1,3,2529
1,3,2530
1,3,2531
1,3,2532
1,3,2533
1,3,2534
1,3,2535
1,3,2536
1,3,2537
1,3,2538
1,3,2539
1,3,2540
1,3,2541
1,3,2542
1,3,2543
1,3,2544
1,3,2545
1,3,2546
1,3,2547
1,3,2548
1,3,2549
1,3,2550
1,3,2551
1,3,2552
1,3,2553
1,3,2554
1,3,2555
1,3,2556
1,3,2557
1,3,2558
1,3,2559
1,3,2560
1,3,2561
1,3,2562
1,3,2563
1,3,2564
1,3,2565
1,3,2566
1,3,2567
1,3,2568
1,3,2569
1,3,2570
1,3,2571
1,3,2572
1,3,2573
1,3,2574
1,3,2575
1,3,2576
1,3,2577
1,3,2578
1,3,2579
1,3,2580
1,3,2581
1,3,2582
1,3,2583
1,3,2584
1,3,2585
1,3,2586
1,3,2587
1,3,2588
1,3,2589
1,3,2590
1,3,2591
1,3,2592
1,3,2593
1,3,2594
1,3,2595
1,3,2596
1,3,2597
1,3,2598
1,3,2599
1,3,2600
1,3,2601
1,3,2602
1,3,2603
1,3,2604
1,3,2605
1,3,2606
1,3,2607
1,3,2608
1,3,2609
1,3,2610
1,3,2611
1,3,2612
1,3,2613
1,3,2614
1,3,2615
1,3,2616
1,3,2617
1,3,2618
1,3,2619
1,3,2620
1,3,2621
1,3,2622
1,3,2623
1,3,2624
1,3,2625
1,3,2626
1,3,2627
1,3,2628
1,3,2629
1,3,2630
1,3,2631
1,3,2632
1,3,2633
1,3,2634
1,3,2635
1,3,2636
1,3,2637
1,3,2638
1,3,2639
1,3,2640
1,3,2641
1,3,2642
1,3,2643
1,3,2644
1,3,2645
1,3,2646
1,3,2647
1,3,2648
1,3,2649
1,3,2650
1,3,2651
1,3,2652
1,3,2653
1,3,2654
1,3,2655
1,3,2656
1,3,2657
1,3,2658
1,3,2659
1,3,2660
1,3,2661
1,3,2662
1,3,2663
1,3,2664
1,3,2665
6,3,2666
6,3,2667
6,3,2668
6,3,2669
6,3,2670
6,3,2671
6,3,2672
6,3,2673
6,3,2674
6,3,2675
6,3,2676
6,3,2677
6,3,2678
6,3,2679
6,3,2680
6,3,2681
6,3,2682
6,3,2683
6,3,2684
6,3,2685
6,3,2686
6,3,2687
6,3,2688
6,3,2689
6,3,2690
6,3,2691
6,3,2692
6,3,2693
6,3,2694
6,3,2695
6,3,2696
6,3,2697
6,3,2698
6,3,2699
6,3,2700
6,3,2701
6,3,2702
6,3,2703
6,3,2704
6,3,2705
6,3,2706
6,3,2707
6,1,2708
6,1,2709
6,1,2710
6,1,2711
6,1,2712
6,1,2713
6,1,2714
6,1,2715
6,1,2716
6,1,2717
6,1,2718
6,1,2719
6,1,2720
6,1,2721
6,1,2722
6,1,2723
6,1,2724
6,1,2725
6,1,2726
6,1,2727
6,1,2728
6,1,2729
6,1,2730
6,1,2731
6,1,2732
6,1,2733
6,1,2734
6,1,2735
6,1,2736
6,1,2737
6,1,2738
6,1,2739
6,1,2740
6,1,2741
6,1,2742
6,1,2743
6,1,2744
6,1,2745
6,1,2746
6,1,2747
6,1,2748
6,1,2749
6,1,2750
6,1,2751
6,1,2752
6,1,2753
6,1,2754
6,1,2755
6,1,2756
6,1,2757
6,1,2758
6,1,2759
6,1,2760
6,1,2761
6,1,2762
6,1,2763
6,1,2764
6,1,2765
6,1,2766
6,1,2767
6,1,2768
6,1,2769
6,1,2770
6,1,2771
6,1,2772
6,1,2773
6,1,2774
6,1,2775
6,1,2776
6,1,2777
6,1,2778
6,1,2779
6,1,2780
6,1,2781
6,1,2782
6,1,2783
6,1,2784
6,1,2785
6,1,2786
6,1,2787
6,1,2788
6,1,2789
6,1,2790
6,1,2791
6,1,2792
6,1,2793
6,1,2794
6,1,2795
6,1,2796
6,1,2797
6,1,2798
6,1,2799
6,1,2800
6,1,2801
6,1,2802
6,1,2803
6,1,2804
6,1,2805
6,1,2806
6,1,2807
6,1,2808
6,1,2809
6,1,2810
6,1,2811
6,5,2812
6,1,2813
6,5,2814
6,5,2815
6,5,2816
6,5,2817
6,5,2818
6,5,2819
6,5,2820
6,5,2821
6,5,2822
6,5,2823
6,5,2824
6,5,2825
6,5,2826
6,5,2827
6,5,2828
6,5,2829
6,5,2830
6,5,2831
6,5,2832
6,5,2833
6,5,2834
6,5,2835
6,5,2836
6,5,2837
6,5,2838
6,5,2839
6,5,2840
6,5,2841
6,5,2842
6,5,2843
6,5,2844
6,5,2845
6,5,2846
6,5,2847
6,5,2848
6,5,2849
6,5,2850
6,5,2851
6,5,2852
6,5,2853
6,5,2854
6,5,2855
6,5,2856
6,5,2857
6,5,2858
6,5,2859
6,5,2860
6,5,2861
6,5,2862
6,5,2863
6,5,2864
6,5,2865
6,5,2866
6,5,2867
6,5,2868
6,5,2869
6,5,2870
6,5,2871
6,5,2872
6,5,2873
6,5,2874
6,5,2875
6,5,2876
6,5,2877
6,5,2878
6,5,2879
6,5,2880
6,5,2881
6,5,2882
6,5,2883
6,5,2884
6,5,2885
6,5,2886
6,5,2887
6,5,2888
6,5,2889
6,5,2890
6,5,2891
6,5,2892
6,5,2893
6,5,2894
6,5,2895
6,5,2896
6,5,2897
6,5,2898
6,5,2899
6,5,2900
6,5,2901
6,5,2902
6,5,2903
6,5,2904
6,5,2905
6,5,2906
6,5,2907
6,5,2908
6,5,2909
6,5,2910
6,5,2911
6,5,2912
6,5,2913
6,5,2914
6,5,2915
6,5,2916
6,5,2917
6,5,2918
6,5,2919
6,5,2920
6,5,2921
6,5,2922
6,5,2923
6,5,2924
6,5,2925
6,5,2926
6,5,2927
6,5,2928
6,5,2929
6,5,2930
6,5,2931
6,5,2932
6,5,2933
6,5,2934
6,5,2935
6,5,2936
6,5,2937
6,5,2938
6,5,2939
6,5,2940
6,5,2941
6,5,2942
6,5,2943
6,5,2944
6,5,2945
6,5,2946
6,5,2947
6,5,2948
6,5,2949
6,5,2950
6,5,2951
6,5,2952
6,5,2953
6,5,2954
6,5,2955
6,6,2956
6,6,2957
6,6,2958
6,6,2959
6,6,2960
6,6,2961
6,6,2962
6,6,2963
6,6,2964
6,6,2965
6,6,2966
6,6,2967
6,6,2968
6,6,2969
6,6,2970
6,6,2971
6,6,2972
6,6,2973
8,6,2974
8,6,2975
8,6,2976
8,6,2977
8,6,2978
8,6,2979
8,6,2980
8,6,2981
8,6,2982
8,6,2983
8,6,2984
8,6,2985
8,6,2986
8,6,2987
8,6,2988
8,6,2989
8,6,2990
8,6,2991
8,6,2992
8,6,2993
8,6,2994
8,6,2995
8,6,2996
8,5,2997
8,5,2998
8,5,2999
8,5,3000
