"V1","V2"
1,2
2,3
3,4
4,5
5,6
6,7
7,946
9,13
9,10
10,11
11,12
12,13
13,14
14,15
15,16
16,17
17,18
18,474
19,20
20,21
21,22
22,23
23,24
24,25
25,26
26,403
27,28
28,29
29,30
30,31
31,32
32,33
33,34
34,35
35,36
36,37
37,38
38,39
39,40
40,41
41,42
42,43
43,44
44,45
45,46
46,370
47,48
48,49
49,50
50,51
51,52
52,53
53,54
54,55
55,56
56,57
57,58
58,59
59,60
60,61
61,62
62,63
63,64
64,65
66,762
66,67
67,68
68,69
69,70
70,71
71,72
72,73
73,74
74,75
75,76
76,176
77,78
78,79
79,80
80,81
81,82
82,83
83,84
84,85
85,86
86,87
87,88
88,89
89,90
90,91
91,92
92,93
93,94
94,95
96,485
96,97
97,98
98,99
99,100
100,101
101,102
102,103
103,104
104,105
105,106
106,107
107,108
108,109
109,1381
110,111
111,112
112,113
93,114
114,115
115,116
116,117
117,118
118,119
119,120
120,121
121,122
122,123
123,124
124,125
125,126
126,127
128,675
128,129
129,130
130,131
131,132
132,133
133,134
134,135
135,136
136,137
137,138
138,139
139,140
140,141
141,142
142,143
143,144
144,145
145,146
146,147
147,148
148,149
149,150
150,151
151,152
152,153
153,239
154,155
155,156
156,157
157,158
158,159
159,160
160,161
161,162
162,163
163,164
164,458
165,166
166,167
167,1005
168,169
169,170
170,171
172,810
172,173
173,174
174,412
175,176
176,372
177,178
178,179
179,180
180,181
181,182
182,183
183,184
184,185
185,186
186,187
187,188
188,189
189,190
190,191
192,642
192,193
193,194
194,195
195,196
196,197
197,198
198,199
199,200
201,214
201,202
203,1473
203,204
204,205
205,206
206,207
207,208
208,209
209,210
211,993
211,212
212,213
557,1211
214,215
215,216
216,217
217,218
218,219
219,220
220,221
221,222
222,698
223,224
224,225
225,226
226,227
194,227
228,229
229,230
230,231
231,232
232,233
233,234
234,235
235,236
237,502
237,238
238,239
239,917
240,241
241,242
242,243
243,244
244,245
245,246
246,247
247,248
248,249
249,250
250,251
251,252
252,253
253,254
254,255
255,256
256,257
257,258
258,259
259,260
260,261
261,262
262,263
263,264
264,265
265,266
266,267
267,268
268,269
269,270
270,271
271,272
272,273
273,274
274,275
275,276
276,277
277,278
278,279
279,280
280,281
281,282
282,283
283,284
284,285
285,286
286,287
287,288
288,289
289,290
290,291
5,291
292,293
293,294
294,295
295,296
296,297
297,298
299,782
299,300
300,301
301,302
302,303
303,712
304,305
305,306
306,307
307,308
308,309
309,310
310,311
311,312
312,729
313,314
314,315
315,316
316,317
317,318
318,319
319,320
320,321
321,322
322,323
323,324
324,325
325,326
326,327
327,328
328,329
329,330
330,331
331,332
332,333
333,334
334,335
335,336
336,337
337,338
338,1406
339,340
340,341
341,342
343,1434
343,344
344,345
345,346
346,347
347,348
348,349
349,350
350,351
351,352
352,353
353,354
354,355
355,356
356,357
357,358
358,359
359,360
360,361
361,362
362,363
363,364
364,365
365,366
366,367
367,368
368,369
369,370
370,371
371,372
372,373
373,374
374,375
375,376
376,377
377,378
378,379
379,380
86,381
381,382
382,383
383,384
384,732
385,386
386,387
387,388
388,389
389,390
390,391
391,392
392,393
393,394
394,395
395,396
396,397
397,398
398,1019
399,400
400,401
401,402
402,1112
403,404
404,405
405,525
406,407
407,408
408,409
410,1241
410,411
411,412
412,413
413,414
414,415
415,416
329,416
417,418
418,419
419,420
420,421
421,422
422,423
423,424
424,425
246,425
426,427
427,428
428,429
429,430
430,431
431,432
432,433
433,434
434,435
435,436
436,437
437,438
438,439
439,440
440,441
441,442
442,443
443,444
444,445
445,446
447,1202
447,448
448,449
449,450
450,451
451,452
452,453
453,454
454,455
455,456
456,457
457,458
458,459
459,460
460,461
461,462
462,463
463,464
464,465
465,466
466,467
467,468
468,469
469,470
470,471
471,472
472,473
473,474
474,475
475,476
476,477
477,478
478,479
479,480
480,481
481,482
482,483
483,484
484,485
485,486
486,487
487,488
488,489
489,490
490,491
491,492
492,493
493,494
494,495
495,496
496,497
497,498
498,499
499,500
500,501
501,502
502,503
503,504
504,505
505,506
506,507
507,508
508,509
509,510
510,511
511,512
512,513
513,514
514,515
515,516
516,517
517,518
518,519
519,520
520,521
521,522
522,523
523,524
524,525
525,526
526,527
527,528
528,529
529,530
530,531
531,532
532,533
533,534
534,535
535,536
536,537
537,538
538,539
539,540
540,541
541,542
542,543
543,544
544,545
484,545
546,547
547,548
548,549
549,550
550,551
551,552
552,553
553,554
554,555
555,556
556,557
557,558
558,559
559,560
560,561
561,562
562,563
563,564
564,565
565,566
566,567
567,568
568,569
569,570
570,571
571,572
572,573
573,574
574,575
575,576
576,577
577,578
578,579
579,580
580,581
162,582
582,583
583,584
584,585
585,586
586,587
587,588
588,589
589,590
590,591
591,592
269,592
593,594
594,595
595,596
596,597
597,598
598,599
599,600
600,601
602,1290
602,603
603,604
604,605
605,606
606,607
607,608
608,609
609,610
610,611
611,612
612,613
613,614
614,615
615,616
616,617
617,618
618,619
619,620
620,621
621,622
622,623
623,624
624,625
625,626
626,627
628,1028
95,628
629,630
630,631
631,632
632,633
633,634
634,635
635,636
636,637
637,638
638,639
639,640
640,641
642,783
642,643
643,644
644,645
645,646
646,647
647,648
649,952
649,650
650,651
651,652
652,653
653,654
654,655
655,656
656,657
657,658
658,659
659,660
660,661
661,662
662,663
663,664
664,665
665,666
666,667
667,668
668,669
669,670
670,1345
671,672
672,673
673,674
674,675
666,676
676,677
677,678
678,679
679,680
680,681
681,682
682,683
683,684
684,685
685,686
686,687
688,826
688,689
689,690
690,691
691,692
692,693
693,694
694,695
695,696
696,697
697,698
698,699
699,700
700,701
701,702
702,703
703,1413
704,705
705,706
706,1398
707,708
708,709
709,710
710,711
711,712
712,713
713,714
714,715
715,716
716,717
717,718
718,719
719,720
720,721
721,722
722,723
723,724
725,1040
725,726
726,727
727,728
728,729
729,730
730,731
731,732
732,1319
733,734
431,735
735,736
736,737
737,738
738,739
739,740
740,741
741,742
742,743
743,744
744,745
745,746
746,747
747,748
748,749
749,750
750,751
751,752
752,753
753,754
754,755
755,756
756,757
757,758
758,759
759,760
760,761
761,762
762,763
763,764
764,765
765,766
766,767
767,768
768,769
769,770
770,771
771,772
772,773
773,774
774,775
775,776
776,777
777,778
778,779
779,780
780,781
781,782
782,783
783,784
784,785
786,1155
786,787
787,788
788,789
789,790
790,791
791,792
792,793
793,794
794,795
795,796
796,797
797,798
798,799
799,800
800,801
801,802
802,803
803,804
804,805
805,806
806,807
807,808
808,809
809,810
810,811
811,812
812,813
813,814
814,815
815,816
817,1194
817,818
818,819
819,820
820,821
821,822
822,823
823,824
824,825
825,839
826,827
827,828
828,829
829,830
830,831
831,832
832,833
833,834
834,835
835,836
836,837
837,838
838,839
839,840
840,841
841,842
842,843
843,844
844,845
845,846
846,847
847,848
848,849
849,850
850,851
851,852
852,853
853,854
854,855
855,856
856,857
857,858
858,859
859,860
860,861
861,862
862,863
863,864
864,865
865,866
331,867
867,868
868,869
869,870
870,871
871,872
872,873
873,874
874,875
875,876
876,877
877,878
878,879
879,880
880,881
881,882
882,883
883,884
884,885
885,886
886,887
887,888
888,889
889,890
890,891
891,892
892,893
893,894
894,895
895,896
896,897
897,898
898,899
666,900
900,901
901,902
902,903
903,904
904,905
905,906
645,906
908,1467
908,909
909,910
910,911
911,912
61,912
913,914
914,915
915,916
916,917
917,918
918,919
919,920
920,921
921,922
922,923
923,1402
924,925
925,926
926,927
927,928
928,929
929,930
930,931
931,932
932,933
933,934
934,935
935,936
936,937
937,938
938,939
939,940
940,941
941,942
942,943
943,944
944,945
945,946
946,947
947,948
948,949
949,950
950,951
951,952
952,953
953,954
70,955
955,956
956,957
957,958
958,959
959,960
960,961
961,962
962,963
963,964
964,965
965,966
966,967
967,968
968,969
969,1219
970,971
971,972
973,1093
336,973
974,975
975,976
976,977
977,978
978,979
979,980
980,981
981,982
982,983
983,984
984,985
985,986
986,987
987,988
988,989
989,990
241,990
991,992
992,993
993,994
994,995
995,1137
997,1216
997,998
998,999
199,999
1000,1001
1001,1002
1002,1003
1003,1004
1004,1005
1005,1006
1006,1007
888,1007
1008,1009
1009,1010
1010,1011
1011,1012
1012,1013
1013,1014
1014,1015
1015,1016
1016,1017
1018,1221
585,1018
1019,1020
358,1020
1021,1022
1022,1023
1023,1024
1024,1025
1025,1026
1026,1027
1027,1028
1028,1029
1029,1030
1030,1031
1031,1032
1032,1033
1033,1034
1034,1035
1035,1036
1036,1037
1037,1038
1038,1039
1039,1040
1040,1041
1041,1042
1042,1043
1043,1044
1044,1045
1045,1046
1046,1047
1047,1048
1048,1049
1049,1050
1050,1051
1051,1052
978,1052
1053,1054
1054,1055
1055,1056
1056,1057
1057,1058
1058,1059
1059,1060
1060,1061
1061,1062
1062,1063
1063,1064
1064,1065
682,1066
1066,1067
1067,1068
1068,1069
1069,1070
1070,1071
1071,1072
1072,1073
1073,1074
1074,1075
1075,1076
1076,1077
1077,1078
1078,1079
1079,1414
1080,1081
251,1082
1082,1083
1083,1084
212,1084
1085,1086
1086,1087
1087,1088
1088,1089
1089,1090
1090,1091
1092,1389
1092,1093
1094,1359
1094,1095
1095,1096
1096,1097
1097,1098
1098,1099
1099,1100
1100,1101
1101,1102
1102,1103
1103,1104
1104,1105
1105,1106
105,1106
1107,1108
1108,1109
1109,1110
1110,1111
1111,1112
1112,1113
1113,1114
1114,1115
631,1115
1116,1117
1117,1118
1118,1119
1119,1120
1120,1121
1121,1122
1122,1123
1123,1124
1124,1125
1125,1126
1126,1127
1127,1128
1128,1129
1129,1130
1130,1131
1131,1132
1132,1133
1133,1134
1134,1135
1135,1136
1136,1137
1137,1138
1138,1139
1139,1140
1140,1141
1141,1142
1142,1143
1143,1144
350,1144
1145,1146
1146,1147
1147,1148
1148,1149
1149,1150
1150,1151
1151,1152
1152,1153
1153,1154
1154,1155
1155,1156
1156,1157
1157,1158
1158,1159
1159,1160
1160,1161
1161,1162
1162,1163
1163,1164
1164,1165
1165,1166
1166,1167
1167,1168
1168,1169
1169,1170
1170,1171
1171,1172
1172,1173
1173,1174
1174,1175
1175,1176
1176,1177
1177,1178
1178,1179
1179,1180
320,1180
1181,1182
1182,1183
1183,1184
1184,1185
1185,1186
1186,1187
1187,1188
1188,1189
1189,1190
1190,1191
1191,1192
1192,1193
1193,1194
1194,1195
1195,1196
1196,1197
1197,1198
1198,1199
1199,1200
1200,1201
1201,1202
1202,1203
1203,1204
1204,1205
1205,1206
122,1206
1207,1208
1208,1209
1209,1210
1210,1211
1211,1212
1212,1213
1213,1214
1214,1215
1215,1216
1216,1217
409,1218
1218,1219
1219,1220
286,1221
1221,1222
1222,1223
197,1223
1224,1225
1225,1226
1226,1227
1227,1228
1228,1229
1229,1230
1230,1231
1231,1232
1232,1233
1233,1234
1234,1235
1235,1236
1236,1237
1237,1238
1238,1239
1239,1240
1240,1241
1241,1242
1242,1243
1243,1244
1244,1245
1245,1246
1246,1247
1247,1248
1248,1249
1249,1250
1250,1251
149,1252
1252,1253
1253,1254
1254,1255
1255,1256
1256,1257
1257,1258
1258,1259
1259,1260
1260,1261
1261,1262
1262,1263
1263,1264
1264,1265
1265,1266
1266,1267
1267,1268
1268,1269
1269,1270
1270,1271
1271,1272
1272,1273
1273,1274
1274,1275
1275,1276
1166,1276
1277,1278
1278,1279
1279,1280
1280,1281
1281,1282
1282,1283
1283,1284
33,1285
1285,1286
899,1286
1287,1288
1288,1289
1289,1290
1290,1291
1291,1292
1292,1293
1293,1294
1294,1295
1295,1296
1296,1297
1297,1298
1298,1299
1299,1300
1300,1301
1301,1302
208,1302
1303,1304
1304,1305
1305,1306
1306,1307
1307,1308
1308,1309
1309,1310
1310,1311
1311,1312
1312,1313
1154,1313
1314,1315
1315,1316
1316,1317
1317,1318
1318,1319
1319,1320
1320,1321
1321,1322
1322,1323
1323,1324
1324,1325
1325,1326
1326,1327
1327,1328
1328,1329
364,1329
1330,1331
1331,1332
1332,1333
1333,1334
1329,1335
1335,1336
1336,1337
1337,1338
1338,1339
1339,1340
1340,1341
120,1342
1342,1343
1343,1344
1344,1345
1345,1346
1346,1347
1347,1348
1348,1349
1349,1350
1350,1351
1351,1352
1352,1353
1353,1354
1354,1355
1355,1356
659,1357
1357,1358
1358,1359
1067,1359
1360,1361
1361,1362
1362,1389
1363,1364
838,1365
1365,1366
1366,1367
1367,1368
1368,1369
1369,1370
1049,1370
1371,1372
1372,1373
1373,1374
1112,1374
1375,1376
1376,1377
1377,1378
1378,1379
1379,1380
1380,1381
1381,1382
1382,1383
93,1383
1384,1385
1385,1386
1387,1483
1387,1388
1388,1389
1389,1390
1390,1391
897,1392
1392,1393
1393,1394
1195,1395
1395,1396
1396,1397
1397,1398
1398,1399
1399,1400
1400,1401
1401,1402
1402,1403
1404,1422
1404,1405
1405,1406
1406,1407
1407,1408
1408,1409
1409,1410
1410,1411
396,1411
1412,1413
1413,1414
685,1415
1415,1416
136,1416
1417,1418
1418,1419
1419,1420
1420,1421
1421,1422
1422,1423
1423,1424
914,1425
1425,1426
1426,1427
1390,1427
1428,1429
1429,1430
1430,1431
1431,1432
1432,1433
175,1434
1434,1435
74,1436
1436,1437
1437,1438
1438,1439
1439,1440
1440,1441
1441,1442
1442,1443
1443,1444
1444,1445
1445,1446
1446,1447
1447,1448
1448,1449
1449,1450
1450,1451
1451,1452
1234,1452
1453,1454
1454,1455
1455,1456
1456,1457
1457,1458
569,1458
1459,1460
1460,1461
1461,1462
1462,1463
1463,1464
1464,1465
1465,1466
1466,1467
1467,1468
1468,1469
1469,1470
1470,1471
1471,1472
1472,1473
1473,1474
1474,1475
1475,1476
1476,1477
1477,1478
1478,1479
1479,1480
1480,1481
1298,1482
1482,1483
1483,1484
1484,1485
1485,1486
1486,1487
573,1488
1488,1489
1489,1490
1490,1491
1491,1492
1492,1493
1493,1494
1494,1495
1495,1496
1496,1497
1497,1498
1498,1499
1499,1500
1,620
1,3
1,496
1,4
1,1498
1,1079
1,1497
1,6
1,1496
2,1500
2,4
2,1499
2,5
2,1498
2,6
2,1497
2,7
3,5
3,1500
3,6
3,1499
3,7
3,1498
3,8
4,6
4,7
4,1500
4,8
4,1499
4,9
5,7
5,8
5,9
5,1500
5,10
6,8
6,9
6,10
6,11
7,9
7,10
11,1084
7,12
8,10
8,11
8,12
8,13
9,11
9,12
9,625
9,14
10,12
10,13
10,14
10,15
11,13
14,1279
11,15
11,16
12,14
15,88
12,16
12,17
13,15
13,16
13,17
13,18
14,16
14,17
14,18
19,1210
15,17
15,18
15,19
15,20
16,18
16,1458
16,20
16,21
17,19
20,324
17,21
17,22
18,20
18,21
18,22
18,23
19,21
19,22
23,982
19,24
20,22
20,23
20,62
20,25
21,23
21,24
21,1258
21,26
22,24
22,25
22,26
22,27
23,25
23,26
23,27
23,28
24,26
24,27
24,28
24,29
25,27
28,1139
25,29
25,30
26,28
26,29
26,877
26,31
27,29
27,30
27,31
27,32
28,30
28,31
28,32
28,33
29,31
29,32
29,33
29,34
30,32
30,33
30,34
30,35
31,33
31,1089
31,35
31,36
32,397
32,35
32,36
32,37
33,35
33,36
33,37
33,621
34,36
34,37
38,905
34,39
35,37
35,38
35,39
35,40
36,38
36,39
36,40
36,41
37,39
37,40
37,41
37,42
38,40
38,41
38,42
38,43
39,41
39,42
39,43
39,44
40,42
40,43
40,44
40,45
41,43
41,44
41,45
46,1405
42,44
42,45
42,46
42,47
43,45
43,46
43,47
43,48
44,46
44,47
44,48
44,49
45,473
45,48
45,49
45,50
46,48
46,221
46,50
46,51
47,683
47,50
47,51
47,52
48,50
48,51
48,52
48,53
49,51
49,52
49,53
49,54
50,52
50,53
50,54
50,55
51,53
51,54
55,417
51,56
54,62
52,55
52,539
52,57
53,55
53,56
53,57
53,58
54,56
54,57
54,58
54,59
55,57
55,58
55,59
55,60
56,58
56,59
56,60
56,61
57,59
57,60
57,61
57,62
58,60
58,61
58,62
58,63
59,61
59,62
59,63
59,64
60,62
60,63
60,64
60,65
61,63
61,64
65,1028
61,66
64,503
62,65
62,66
62,67
63,65
63,66
63,67
63,68
64,66
64,67
64,68
64,1390
65,67
65,68
65,69
65,70
66,68
66,69
66,70
66,71
67,69
67,868
67,71
67,72
68,70
68,71
68,72
68,73
69,71
69,72
69,73
69,74
70,72
70,73
70,74
70,75
71,73
71,74
71,75
71,76
72,74
72,75
72,76
72,77
73,378
73,76
73,617
73,78
74,76
74,77
74,78
74,79
75,77
75,78
75,79
75,80
76,1472
76,79
76,80
81,158
77,79
77,80
77,81
77,82
78,80
78,81
78,82
78,83
79,81
79,82
83,221
79,84
80,82
80,83
80,84
80,666
81,83
81,84
81,85
81,86
82,84
82,85
82,86
82,87
83,85
83,86
83,87
83,88
84,86
84,87
84,88
84,89
85,87
85,88
85,89
85,90
86,88
86,89
86,90
86,91
87,89
87,90
87,91
87,92
88,90
88,91
88,92
88,93
89,91
89,92
89,724
89,94
90,92
90,93
90,94
90,313
91,93
91,94
91,95
91,96
92,94
92,95
92,96
92,97
93,95
93,96
93,97
93,98
94,96
94,97
94,98
94,99
95,97
98,246
99,1179
95,100
96,98
96,99
96,100
96,101
97,954
97,100
97,101
97,102
98,100
98,101
98,102
98,103
99,101
99,102
99,103
99,104
100,102
100,103
100,104
100,105
101,103
101,104
101,105
106,1342
102,104
102,510
102,106
102,107
103,105
103,106
107,1326
103,108
104,106
104,107
104,108
104,109
105,107
105,108
105,109
105,110
106,108
106,109
106,110
106,111
107,109
107,110
107,111
107,112
108,110
108,111
108,112
108,113
109,111
109,112
109,113
109,114
110,112
110,113
110,114
110,115
111,113
111,114
111,115
111,116
112,114
112,748
112,116
112,117
113,115
113,116
113,117
113,118
114,116
444,521
114,118
114,119
115,117
115,118
115,119
115,120
116,450
116,119
116,120
116,121
117,119
117,120
117,121
117,122
118,120
118,121
118,122
118,123
119,121
119,122
119,123
119,124
120,122
120,123
120,124
120,125
121,123
121,242
121,125
121,126
122,124
122,125
122,126
122,127
123,125
123,126
123,127
123,128
124,126
124,127
124,128
124,129
125,127
125,512
125,129
125,130
126,128
126,129
126,130
126,131
127,129
127,130
131,812
127,132
128,130
128,131
128,132
128,133
129,131
129,132
129,133
129,134
130,132
130,133
130,134
130,135
131,133
131,134
131,1066
136,1131
132,134
132,135
132,136
132,137
133,135
133,136
133,137
133,637
134,136
134,137
134,138
134,139
135,137
135,138
135,139
135,140
136,138
136,139
136,140
136,141
137,217
137,140
137,141
137,142
138,140
138,141
142,239
138,143
139,141
139,142
139,143
139,144
140,142
140,143
140,981
140,145
141,143
144,312
141,145
141,146
142,144
142,145
142,146
142,147
143,145
143,146
72,143
143,148
144,146
147,803
144,1413
42,144
147,1272
145,148
145,149
145,150
146,148
146,149
146,150
146,151
147,149
147,150
147,151
147,152
148,150
148,151
148,152
148,153
149,151
149,152
149,153
149,154
150,152
150,153
150,154
150,155
151,153
151,154
151,155
151,156
154,663
152,155
152,156
152,157
153,155
153,156
153,157
153,158
154,156
154,157
154,158
154,159
155,157
155,158
155,159
155,160
156,158
156,159
156,160
161,769
157,159
157,160
157,161
157,162
158,160
158,161
158,162
158,163
159,161
159,162
159,163
159,164
160,162
160,163
160,164
160,165
161,163
161,164
161,165
161,166
162,164
162,165
162,166
162,167
105,163
163,621
163,167
163,168
164,166
167,215
164,168
164,169
165,167
165,168
165,169
165,170
166,168
166,169
166,170
166,171
167,282
167,170
167,171
167,172
168,170
168,171
168,172
168,173
169,171
169,172
169,173
169,174
170,172
170,173
170,174
170,175
171,173
171,174
171,175
176,318
172,174
172,175
172,176
172,177
173,175
173,176
177,384
173,178
174,176
174,177
174,178
174,179
175,177
175,178
175,179
175,180
176,178
176,179
176,180
176,181
179,1422
177,180
177,181
177,182
178,180
178,181
178,182
178,183
179,181
179,182
179,183
179,184
180,182
180,183
180,184
180,185
183,1378
181,184
185,1416
181,186
182,184
182,185
182,774
182,187
183,185
183,186
183,187
183,188
184,186
184,187
184,188
184,189
185,187
185,188
185,189
458,598
186,188
186,189
186,190
186,191
187,189
187,190
187,191
187,192
188,190
188,191
188,192
188,193
189,191
189,192
189,193
189,194
192,1075
190,193
190,194
190,195
191,193
191,194
191,195
191,196
192,928
192,195
192,196
192,197
193,195
193,196
193,197
193,198
194,196
194,197
194,198
194,199
195,197
195,198
195,199
195,200
196,198
196,199
196,200
196,201
197,199
197,702
197,201
197,202
198,200
198,201
198,202
198,203
199,201
199,202
199,203
199,204
200,202
200,203
200,204
200,205
201,203
201,204
201,205
201,1414
202,204
202,205
202,206
202,207
203,205
203,206
203,207
208,594
204,206
204,207
204,208
204,209
205,207
205,208
205,209
205,210
167,206
206,209
206,210
206,211
207,209
207,210
207,211
207,212
208,210
208,211
208,212
208,213
209,211
209,212
209,213
214,1313
210,212
210,213
210,214
210,215
211,213
211,214
211,215
211,216
212,214
212,215
212,216
212,217
213,215
213,216
213,217
213,218
214,216
214,217
214,218
214,219
215,217
215,218
215,219
220,824
216,218
216,219
216,220
216,221
217,219
217,220
217,221
217,222
218,1439
218,221
218,222
218,223
219,221
222,1237
219,223
219,224
220,222
220,223
166,224
220,225
221,223
221,224
221,225
221,226
222,224
225,1154
222,226
126,222
223,225
223,226
223,227
223,228
224,226
224,227
224,228
224,229
225,227
225,228
225,229
225,230
226,228
226,229
230,1028
189,1208
227,822
227,230
227,231
227,232
153,228
228,1470
228,232
228,233
229,231
229,232
229,233
229,234
230,232
230,233
230,234
230,235
231,233
231,234
231,235
231,236
232,234
232,922
232,236
232,237
233,235
233,236
233,237
233,238
234,236
234,237
234,238
234,239
235,237
235,238
235,239
235,240
236,238
236,239
236,240
236,241
237,239
237,240
237,241
237,242
238,240
238,241
238,242
238,243
239,241
239,242
239,243
239,244
240,242
240,1405
240,244
240,245
241,243
241,244
241,245
241,492
242,244
242,245
242,246
242,957
243,245
243,246
243,247
243,248
244,246
244,247
244,248
244,249
247,592
245,248
245,249
245,250
246,248
246,249
246,1378
246,251
247,249
247,250
247,251
247,252
248,250
248,251
248,252
248,253
249,251
249,252
249,253
249,254
250,252
250,253
250,254
250,255
251,1116
251,254
251,255
251,256
252,254
252,255
252,256
249,257
253,255
253,256
253,257
253,258
254,256
254,257
254,258
254,259
255,257
255,258
255,259
255,260
256,258
256,259
256,260
256,261
257,259
257,260
257,261
257,285
258,260
258,261
258,262
258,263
259,261
259,262
259,263
259,264
260,262
260,263
260,264
132,260
261,263
261,264
261,265
261,266
262,264
262,265
262,266
262,267
263,265
263,266
263,267
263,268
264,266
264,267
264,964
264,269
265,267
265,268
265,269
265,270
266,268
266,483
163,266
266,271
267,269
267,270
267,271
267,272
268,270
268,271
268,272
268,273
269,271
269,272
269,273
269,750
270,272
270,273
270,274
270,275
271,273
271,274
271,275
271,276
272,274
272,275
272,276
272,277
215,275
273,276
273,277
273,278
274,747
274,277
274,278
274,279
275,277
275,278
275,279
275,280
276,278
276,279
276,280
276,281
277,279
277,280
277,281
277,282
278,280
281,609
278,282
278,283
279,281
279,282
279,283
279,284
280,282
280,283
280,284
280,285
281,283
281,284
285,1094
281,286
282,284
282,285
282,286
282,287
283,285
283,286
283,287
283,288
284,286
284,287
284,288
284,289
285,287
285,288
285,289
285,290
286,288
286,289
286,290
286,291
287,289
118,290
287,1155
287,292
288,290
288,291
288,292
288,293
289,291
289,292
293,303
294,654
290,292
290,293
75,290
290,295
291,293
294,955
291,295
291,296
292,294
292,295
292,296
292,297
293,295
293,296
293,297
293,298
1414,1497
294,297
298,396
299,1131
295,297
295,298
295,299
295,300
296,298
296,299
296,300
296,301
297,299
297,300
297,301
297,302
298,300
301,996
298,302
298,303
299,865
299,302
299,303
299,304
300,302
300,303
300,304
300,305
301,303
301,304
301,305
301,306
302,304
302,305
302,306
302,307
305,1138
303,306
303,307
303,308
304,306
304,307
304,308
304,309
305,307
305,308
305,309
305,310
306,308
309,317
306,310
306,1279
307,309
307,310
307,311
307,312
308,310
308,311
308,312
313,429
309,311
309,312
313,398
309,314
310,312
310,313
310,314
310,315
311,313
311,314
311,315
311,316
312,314
312,315
312,316
312,317
313,315
313,316
313,317
313,318
314,316
314,317
314,318
314,319
315,377
315,318
315,319
315,320
316,318
316,319
316,320
316,461
317,319
317,320
317,321
317,322
318,320
318,321
318,322
318,323
319,321
319,322
319,323
319,324
320,920
320,323
320,324
320,325
321,323
321,324
321,325
321,326
322,1382
322,325
322,326
322,327
323,325
323,326
323,327
323,328
324,326
324,327
324,328
230,329
325,327
328,660
325,329
325,330
326,328
326,329
326,330
326,331
224,329
327,330
327,331
327,332
328,330
328,331
332,643
328,333
329,331
329,428
329,333
329,334
330,332
330,333
330,334
330,335
331,333
331,334
331,335
331,336
332,334
332,335
332,336
332,337
333,335
333,336
333,337
333,338
334,336
334,337
334,338
334,339
335,337
335,338
335,339
335,340
338,676
336,339
336,340
336,341
337,339
337,340
337,341
337,1369
338,340
338,341
338,342
338,607
339,341
339,342
339,638
339,344
340,342
340,343
340,344
66,340
341,343
341,344
341,345
341,346
342,344
342,345
346,764
342,347
343,345
220,343
343,347
343,348
344,346
344,347
43,344
344,349
345,370
345,348
345,349
345,350
346,348
346,349
346,350
346,351
347,349
347,350
347,351
347,352
348,350
348,351
348,352
348,353
349,351
349,352
349,353
349,354
350,352
350,353
350,1470
350,355
351,353
351,354
351,355
351,356
352,354
352,355
352,356
352,357
353,355
353,356
353,357
353,358
354,356
354,357
354,358
354,359
355,357
355,358
355,359
355,360
356,358
356,359
356,360
70,356
357,359
357,360
357,1203
357,362
358,360
194,358
358,362
358,363
359,361
359,362
359,363
359,364
360,362
360,363
360,364
360,365
361,363
361,364
361,365
361,366
362,364
362,365
362,366
367,374
363,365
363,366
363,367
363,368
364,366
364,367
364,368
364,369
365,367
365,368
365,369
365,370
366,368
366,369
366,370
366,371
367,369
367,370
367,371
367,372
368,370
368,371
368,372
368,373
369,371
369,372
369,373
369,374
370,372
370,373
370,374
370,375
371,373
371,374
371,375
371,376
372,374
372,375
372,376
372,377
373,375
373,376
373,377
373,378
374,376
374,377
374,378
374,379
375,377
375,378
375,379
375,380
376,378
376,379
376,380
376,381
377,379
377,380
377,381
377,382
378,380
381,1435
378,382
378,383
379,381
379,382
379,383
379,853
380,382
380,383
380,384
380,385
381,383
381,384
381,385
381,386
382,1488
382,385
382,386
382,387
383,385
383,386
383,387
383,388
384,386
384,387
384,388
384,389
385,387
385,388
385,389
385,390
386,499
386,389
386,390
386,391
389,920
390,1364
387,391
387,392
388,390
388,391
388,392
388,393
389,391
389,392
389,393
394,679
390,392
390,393
390,394
390,816
391,393
391,394
391,395
391,396
392,394
392,395
392,396
392,397
393,395
393,396
393,397
393,398
394,396
394,397
394,398
394,399
395,397
395,398
395,399
395,400
396,398
396,399
396,400
396,401
397,399
397,400
397,401
397,402
398,400
398,401
398,402
398,403
399,401
399,402
399,403
399,404
400,402
400,403
400,404
400,405
401,403
401,404
401,405
53,406
402,404
402,405
402,406
402,407
403,405
403,406
403,407
403,408
404,406
340,407
404,408
404,409
405,407
405,408
405,409
405,410
406,408
406,409
406,410
406,411
407,409
407,410
407,411
317,412
408,410
408,411
408,412
408,413
409,766
409,412
409,413
409,414
410,412
410,413
410,414
410,415
411,413
411,414
411,415
411,416
412,414
412,415
412,416
412,779
413,415
413,762
413,417
413,418
414,416
414,417
414,418
414,419
415,417
415,418
415,419
415,420
416,418
416,540
416,420
416,421
417,419
417,420
417,421
417,422
418,420
418,421
418,422
418,423
419,421
419,422
419,423
419,424
420,422
420,423
420,424
420,425
421,423
421,424
421,425
421,426
422,424
422,425
422,426
422,427
423,425
423,426
423,427
428,592
424,426
424,1308
424,428
424,429
425,427
425,428
425,429
430,1329
426,428
426,429
426,430
426,431
427,429
427,430
427,431
427,432
428,430
428,431
428,432
428,433
429,431
429,432
429,433
429,434
430,432
35,433
430,434
430,1013
431,433
431,434
431,435
436,551
432,434
432,435
432,660
432,437
433,1419
433,436
433,437
433,438
434,436
434,437
434,438
434,439
437,876
435,438
435,439
435,440
436,438
436,439
436,440
436,441
437,439
437,440
437,441
437,442
438,440
438,441
438,442
438,443
439,441
439,442
439,443
439,444
440,442
440,443
440,444
440,445
441,443
441,444
441,445
441,446
442,444
442,1377
442,446
442,447
443,445
443,446
443,447
443,448
444,446
444,447
444,448
444,449
445,447
445,448
445,449
445,450
446,448
446,449
446,450
446,451
447,449
447,450
447,451
447,452
450,1063
448,451
448,452
448,453
449,451
449,452
449,453
449,454
450,452
450,453
450,454
450,455
451,453
451,962
451,455
451,456
452,454
452,455
452,456
452,457
453,455
453,456
453,457
453,1156
454,456
454,457
454,458
454,459
455,457
455,1065
455,459
455,460
456,458
456,459
456,460
456,461
457,459
457,460
457,461
457,462
458,460
458,461
462,615
458,463
174,461
459,462
459,755
459,464
460,462
460,463
775,824
460,465
461,463
461,464
461,465
461,466
53,464
462,465
462,466
462,467
463,465
463,466
463,467
463,468
375,464
464,467
464,468
464,469
465,467
465,468
465,469
465,470
466,814
466,469
466,470
466,471
467,469
467,470
467,471
467,472
470,1408
468,471
468,472
468,473
469,471
469,472
469,473
469,474
470,472
470,473
470,474
470,475
471,473
471,474
471,1243
471,476
472,474
472,475
472,476
472,477
473,475
473,476
473,806
473,478
474,476
474,477
474,478
474,479
475,477
475,478
475,479
475,480
476,478
476,479
476,480
476,481
477,479
477,480
477,481
477,482
478,480
478,481
478,482
478,483
479,481
479,482
479,483
479,484
480,482
480,483
480,484
480,485
481,483
481,484
481,485
323,486
482,484
482,485
482,486
482,487
483,485
483,486
483,487
483,488
484,486
484,487
101,484
484,489
485,487
485,488
485,489
485,490
486,696
486,489
486,490
486,491
487,489
487,490
487,491
487,492
488,490
488,491
488,492
488,493
489,491
489,492
489,493
489,494
490,492
490,493
490,494
490,495
491,493
491,494
491,495
491,496
492,494
492,495
492,496
492,497
493,495
493,496
493,497
493,498
345,494
494,497
494,498
494,499
495,497
495,498
495,499
495,500
496,498
496,499
496,500
496,501
497,499
497,500
497,501
497,502
498,500
498,501
498,502
498,503
499,501
499,502
499,503
499,504
368,500
500,503
500,504
500,505
501,503
501,504
501,505
501,506
502,504
502,505
502,506
502,507
503,505
503,506
503,507
503,508
504,506
507,1387
504,508
504,509
505,507
505,508
505,509
505,510
506,508
506,509
506,510
511,777
507,509
507,510
507,511
507,512
508,510
508,511
508,512
508,513
509,511
509,512
509,513
509,514
510,512
510,513
192,514
510,515
511,513
511,514
511,515
511,516
512,514
512,515
512,516
512,517
513,515
513,516
513,517
513,518
457,514
514,517
514,940
514,519
515,517
515,518
519,1355
515,520
516,518
516,519
516,520
516,1303
517,519
517,520
517,521
517,522
518,520
518,521
518,522
518,658
519,521
262,519
519,523
519,524
848,1461
520,523
520,524
520,525
521,523
521,524
521,525
521,526
522,524
522,525
522,526
522,527
523,525
523,526
523,527
523,528
524,526
524,527
524,528
524,529
455,525
525,528
525,529
525,530
526,528
526,529
526,1426
526,531
527,529
527,530
527,531
420,532
528,530
528,531
528,532
528,533
529,531
532,575
529,533
529,534
530,532
530,533
530,534
530,535
531,533
531,1240
206,535
531,1376
534,1341
532,535
532,536
309,537
533,535
533,536
533,537
533,538
534,536
367,534
534,538
534,539
535,537
535,538
535,539
535,540
235,536
536,539
536,540
536,541
537,539
537,540
537,541
537,542
538,540
541,1225
538,542
538,543
539,541
539,1297
539,543
539,544
540,542
540,543
540,544
540,545
541,543
541,544
541,545
541,546
542,544
542,545
542,546
542,547
543,545
543,546
543,547
543,548
544,546
544,547
544,548
544,884
545,547
545,548
545,549
545,550
546,548
546,549
546,550
546,551
547,549
547,550
547,551
547,552
548,550
548,551
548,552
548,553
549,551
549,552
549,553
549,554
552,1089
550,553
550,554
550,555
551,553
551,554
551,555
556,1369
552,554
555,1302
552,556
552,557
553,555
553,556
553,557
553,558
554,556
1,554
554,558
554,559
555,557
555,558
555,559
555,560
556,558
556,559
74,379
556,561
557,559
557,560
557,561
557,562
558,560
558,561
558,562
104,558
559,561
559,562
559,563
559,1404
560,562
560,563
560,564
560,565
561,563
561,1162
561,565
280,561
562,564
562,565
562,566
562,567
563,565
566,914
563,567
563,568
564,566
564,567
568,897
564,569
565,567
565,568
565,569
565,570
566,568
566,569
566,570
566,571
393,567
567,570
567,571
567,572
568,570
568,571
568,572
568,573
569,571
572,1410
569,573
569,574
570,572
570,573
570,574
570,575
571,573
574,1092
571,575
571,576
572,574
572,575
572,576
577,1172
573,575
573,576
573,577
573,578
574,576
326,574
574,578
574,579
575,577
575,798
575,579
575,580
576,578
576,579
576,580
576,581
577,579
577,580
577,581
577,582
578,580
578,581
578,582
500,583
579,581
579,1345
579,583
579,584
580,582
776,1017
580,584
580,585
581,583
15,581
581,585
581,586
582,584
582,585
582,586
582,587
583,585
583,586
583,587
583,588
584,1155
584,587
584,588
584,589
387,585
585,588
585,589
585,590
586,588
586,589
586,590
586,591
587,589
587,590
587,591
587,592
588,590
588,591
165,588
588,593
589,591
589,592
589,593
589,594
590,592
590,593
590,594
590,595
591,593
591,594
591,595
591,596
592,594
592,595
592,596
592,597
593,595
774,786
593,597
593,598
594,596
594,597
445,598
594,599
595,597
595,598
595,599
595,600
596,598
596,599
596,600
596,601
597,599
597,600
597,601
597,602
598,600
598,601
598,602
598,603
599,601
599,602
599,603
599,604
600,602
600,603
600,604
600,605
601,603
601,604
601,605
606,1118
602,1325
602,605
602,606
602,607
603,605
603,606
603,607
608,1290
604,606
604,607
608,1368
604,609
605,607
605,608
605,609
605,610
606,608
606,609
606,610
606,611
607,609
607,610
607,611
607,612
608,610
166,608
608,612
608,613
609,1391
612,784
609,613
609,614
610,612
610,613
610,614
610,615
611,613
611,614
188,615
611,616
614,1003
612,615
612,616
612,617
613,615
613,616
613,617
613,618
614,616
614,617
614,618
614,619
615,617
615,618
615,1154
615,620
616,618
616,619
482,616
616,621
617,619
617,620
617,621
617,622
618,620
618,621
618,622
618,623
619,621
619,622
619,623
159,624
620,622
620,623
620,624
620,625
621,623
621,624
621,625
621,626
622,624
622,625
622,626
622,627
623,625
623,626
623,627
623,628
624,626
624,627
624,628
624,629
625,627
628,1237
625,629
625,630
626,628
626,629
626,630
626,631
627,629
627,630
627,631
627,632
628,630
628,631
628,632
628,633
629,631
629,632
629,633
98,629
630,632
630,633
630,634
630,635
631,633
631,634
631,1444
631,636
634,1069
632,635
632,636
632,637
633,635
633,636
633,637
633,638
634,636
634,637
634,638
634,639
635,637
635,638
635,639
635,640
636,638
636,639
636,640
636,641
637,639
637,640
637,641
475,642
638,640
638,641
638,642
638,643
639,641
639,642
631,1044
639,644
640,642
640,643
640,644
640,645
643,1160
641,644
641,1058
641,646
642,644
642,645
642,646
642,647
643,645
643,646
643,647
643,648
262,646
644,647
644,648
644,649
645,647
645,648
645,649
645,650
646,648
646,649
646,650
646,651
647,649
647,650
647,651
647,652
648,650
648,651
648,1486
648,653
649,651
649,652
649,653
649,654
650,652
650,653
650,654
650,655
651,653
651,654
651,655
651,656
652,654
652,655
652,656
652,657
653,655
653,656
653,657
653,658
654,656
654,657
654,1440
654,659
655,657
658,698
655,659
322,655
656,658
656,1136
656,660
656,661
657,659
657,660
657,661
657,662
658,660
658,661
658,662
658,663
659,661
659,662
659,663
659,664
660,662
660,663
664,1158
660,665
661,663
661,664
595,661
661,666
662,664
662,665
662,666
662,667
663,665
663,666
667,1266
663,668
664,666
664,667
664,668
664,669
665,667
665,668
665,669
665,670
666,668
200,669
666,670
666,1068
667,669
667,670
667,671
667,672
668,670
668,671
668,672
668,673
669,671
669,672
669,673
669,674
670,672
670,673
670,674
670,675
671,673
671,674
671,675
671,676
672,674
672,675
672,676
672,677
673,675
673,676
673,677
673,678
674,676
674,677
674,678
674,679
675,677
675,678
675,679
675,680
676,678
676,679
676,680
676,681
677,679
677,680
677,681
204,677
678,680
678,681
678,682
67,678
679,681
679,682
589,683
679,684
680,682
680,683
680,684
680,685
681,683
681,684
685,1459
540,686
682,684
682,788
682,686
682,687
683,685
683,686
683,687
683,688
684,686
684,687
684,688
684,689
685,687
685,688
685,745
685,690
686,688
292,686
686,690
686,691
687,689
687,690
687,691
687,692
688,690
688,691
692,1128
688,693
689,691
689,989
689,693
689,694
690,692
690,693
690,694
690,695
691,693
691,694
691,695
691,696
692,694
692,695
692,696
692,697
693,695
693,696
693,697
693,698
694,696
694,697
694,698
694,699
695,697
695,698
695,699
638,695
696,698
696,699
696,700
696,701
697,699
697,700
697,701
697,702
698,700
698,701
698,702
698,703
699,701
699,702
699,703
699,704
700,702
700,703
700,704
700,705
703,1329
701,704
159,701
701,706
304,702
702,705
702,706
702,707
703,705
703,706
703,707
703,708
704,706
704,707
704,708
704,709
705,707
705,708
705,709
705,710
706,708
706,709
706,710
706,711
707,709
707,710
707,711
707,712
708,710
555,708
708,712
344,708
709,711
709,712
709,713
709,714
9,710
710,713
710,714
715,1025
711,713
711,714
711,715
711,716
712,714
712,715
712,716
712,717
713,715
713,716
713,717
713,718
714,716
714,717
714,1085
714,719
156,715
715,718
715,719
720,858
716,718
716,719
716,720
716,721
717,719
717,720
717,721
717,722
718,720
718,721
718,722
718,723
719,721
719,722
719,723
719,724
720,722
720,723
720,724
720,725
721,723
721,724
721,725
721,726
722,724
722,725
722,726
722,1418
723,725
258,726
723,727
723,728
724,726
724,727
724,728
724,729
725,727
725,728
725,729
725,730
726,728
726,729
726,730
726,731
727,1198
727,730
727,731
727,732
728,730
728,731
728,732
713,733
729,731
729,732
729,733
729,734
730,732
730,733
730,734
730,735
731,733
731,734
731,735
731,1227
732,734
732,735
732,736
732,737
733,735
733,736
733,737
733,738
734,736
734,737
734,738
734,739
735,737
735,738
735,739
735,740
736,738
736,739
736,740
736,741
739,1164
737,740
737,741
737,742
738,740
738,741
738,742
738,743
739,741
739,742
739,743
739,744
740,742
740,743
740,744
740,745
741,743
99,744
741,745
741,746
742,744
742,745
742,746
742,747
743,745
743,746
743,747
748,885
744,746
744,747
744,748
744,749
745,747
745,748
745,749
745,750
746,748
377,746
746,750
746,751
747,749
747,750
747,751
747,752
748,750
748,751
748,752
748,753
749,751
752,1391
749,753
749,754
750,752
750,753
750,754
750,755
751,753
751,754
751,755
751,756
752,754
752,755
752,756
752,757
753,755
753,756
753,757
753,758
756,971
754,757
754,758
754,759
755,757
746,948
755,759
755,760
756,758
756,759
756,760
129,756
757,759
757,760
757,761
757,762
758,1032
758,761
758,762
758,763
759,761
759,762
759,763
759,764
760,762
763,1097
760,764
760,765
761,763
761,764
761,765
761,766
762,764
762,765
762,766
762,767
763,765
763,766
763,767
763,768
764,766
764,767
764,768
764,769
765,767
765,1453
765,769
765,770
768,821
766,769
766,770
766,771
767,769
767,770
767,771
767,772
768,770
768,771
768,772
768,773
769,771
769,772
769,773
769,774
770,772
770,773
770,774
770,775
771,773
771,774
771,775
771,776
772,774
772,775
772,776
772,777
773,775
773,776
773,777
773,778
707,774
774,777
774,778
774,779
775,777
775,778
775,779
775,780
776,778
776,779
776,780
776,781
777,779
777,780
777,781
777,782
778,780
778,781
778,782
778,783
779,781
779,782
779,783
779,784
780,782
780,783
780,784
780,785
781,783
781,784
781,785
781,786
782,784
782,785
782,786
782,787
783,785
783,786
783,787
783,788
784,786
380,787
784,788
784,789
785,787
785,788
785,789
785,790
786,788
786,789
786,790
786,791
787,789
787,790
787,791
787,792
788,790
788,791
490,788
788,793
789,791
789,792
789,793
789,794
790,792
790,793
790,794
790,795
238,793
791,794
791,795
791,796
792,794
792,795
792,796
792,797
793,795
793,796
793,797
793,798
794,796
794,797
794,798
794,799
795,797
795,798
795,799
795,800
796,798
796,799
796,800
796,801
797,799
797,800
797,801
797,802
798,800
798,801
798,802
798,803
799,801
799,802
799,803
799,804
800,802
800,803
800,804
800,805
801,803
801,804
801,805
612,801
802,804
802,805
802,806
802,807
803,805
803,1051
803,807
803,808
804,806
804,807
804,808
804,809
805,807
805,808
805,809
805,810
806,808
806,809
806,810
806,811
807,809
807,810
807,811
807,812
808,810
808,811
808,812
808,813
700,809
809,812
809,813
809,814
810,812
424,810
810,814
810,815
811,813
811,814
811,815
811,816
812,814
812,815
812,816
812,817
813,815
813,816
813,817
813,818
814,816
814,817
814,818
814,819
667,817
815,818
815,819
820,1294
816,818
816,819
816,820
816,821
8,819
817,820
817,821
817,822
818,1040
818,821
818,822
818,823
819,821
819,822
819,823
819,824
820,822
820,823
820,824
820,825
821,823
821,824
821,825
821,826
822,824
822,825
822,826
822,827
823,825
823,826
823,827
823,828
824,826
824,827
824,828
824,1413
825,827
825,828
825,829
825,830
826,828
826,829
826,830
826,831
827,829
827,830
827,831
827,832
828,830
828,831
828,832
828,833
495,829
829,832
829,833
829,834
830,832
830,1179
830,834
830,835
831,833
831,834
831,835
831,836
832,834
832,835
832,836
837,997
833,835
833,836
833,837
833,838
834,836
834,837
834,838
834,839
28,837
835,838
835,839
835,840
836,838
836,839
836,840
836,841
837,839
837,840
837,841
837,842
838,840
838,841
838,842
838,843
314,839
839,842
839,843
839,844
840,842
840,843
840,844
840,845
841,843
841,844
841,845
841,846
842,844
842,845
842,846
842,847
843,845
843,846
731,843
843,848
844,846
844,847
844,848
844,849
847,879
845,848
845,849
845,850
328,846
846,849
846,850
846,851
847,849
847,850
847,851
847,852
848,850
848,851
848,852
848,853
849,851
849,852
849,853
849,854
850,852
850,853
850,854
850,855
851,853
851,854
851,855
851,856
852,854
852,855
852,856
852,857
853,855
853,856
853,857
853,858
854,856
854,857
854,858
854,859
855,857
855,858
855,859
855,860
856,858
856,859
856,860
856,861
857,859
857,860
857,861
857,862
858,860
858,861
858,862
858,863
859,861
859,862
859,863
859,864
860,862
860,863
538,864
860,865
861,863
861,864
861,865
861,866
862,864
862,865
413,595
862,867
863,865
863,866
863,867
863,868
864,866
864,867
864,868
869,920
865,867
865,868
865,869
865,870
56,866
866,869
866,870
866,871
867,869
867,870
867,871
872,1447
868,870
868,871
868,872
318,873
869,871
869,872
869,873
869,874
872,1107
870,873
870,874
173,870
871,873
871,874
871,875
871,876
872,874
872,875
872,876
872,877
873,875
873,876
873,877
873,1318
874,876
874,877
874,878
874,879
875,877
875,878
875,879
875,880
876,878
876,879
876,880
876,881
877,879
877,880
877,881
877,882
878,880
878,881
878,882
878,883
879,881
879,882
879,883
884,1250
880,882
880,883
880,884
880,885
881,883
881,884
881,885
881,886
882,884
387,882
380,886
882,887
142,883
886,1468
883,887
883,888
884,886
884,887
884,888
884,889
885,887
885,888
885,1243
885,890
886,888
886,889
886,890
886,1183
887,889
887,890
887,891
887,892
888,890
888,891
888,892
888,893
889,891
293,1055
889,893
466,894
890,892
890,893
890,894
890,895
891,893
891,894
895,955
891,896
892,894
892,895
892,896
892,897
893,895
893,896
893,897
893,898
894,896
894,897
894,898
894,899
895,897
895,898
895,899
895,900
78,896
896,899
896,900
896,901
897,899
897,900
897,901
897,902
898,900
898,901
898,902
898,903
899,901
899,902
899,903
899,904
900,902
900,903
900,904
900,905
901,903
901,904
901,905
901,906
902,904
902,905
902,906
902,907
903,905
903,906
903,907
903,908
904,906
904,907
904,908
904,909
905,907
905,908
905,909
905,910
906,943
906,909
906,910
906,911
907,909
907,910
907,911
46,907
908,910
908,911
908,912
908,913
80,911
909,912
909,913
909,1489
910,912
910,913
338,914
910,915
911,913
911,914
911,915
911,916
912,914
912,915
912,916
912,917
913,915
913,916
913,917
913,918
914,916
914,917
914,918
914,919
915,917
915,918
915,919
915,920
916,918
916,919
916,920
916,921
917,919
917,920
917,921
917,922
918,920
918,921
918,922
918,923
919,921
919,922
919,923
563,919
920,922
920,923
920,924
920,925
921,923
921,924
921,925
921,926
337,924
922,925
922,926
922,927
923,925
923,926
923,927
923,928
839,1297
924,927
861,924
924,929
925,927
925,928
925,929
925,930
926,928
926,929
926,930
926,931
927,929
927,930
927,1237
927,932
928,930
928,931
928,932
928,933
929,931
929,932
929,933
929,934
141,932
930,933
930,934
930,935
931,933
931,934
931,935
931,936
740,934
932,935
932,936
380,932
933,935
933,936
933,937
933,938
934,936
934,937
934,938
934,939
935,937
935,938
935,939
935,940
936,938
936,939
936,940
936,941
161,937
937,940
937,941
937,942
938,940
938,941
938,942
938,943
939,941
939,942
939,943
939,944
940,1303
940,943
940,944
940,945
941,943
941,944
941,945
865,946
942,989
942,945
942,946
942,947
943,945
943,946
943,947
943,948
944,946
308,947
944,948
944,949
945,947
945,948
945,949
945,950
946,948
946,949
946,950
946,951
947,949
947,950
947,951
947,952
948,950
433,951
948,952
948,953
949,951
949,952
949,953
949,954
950,952
950,953
950,954
950,955
951,953
951,954
951,955
951,956
954,1072
952,955
952,1349
952,957
953,955
953,1496
953,957
953,958
954,956
954,957
954,958
954,959
955,957
955,958
955,959
955,960
956,958
956,959
956,960
956,961
957,959
957,960
957,961
957,962
958,960
958,961
958,962
958,963
959,961
959,962
959,963
959,964
960,962
960,963
960,964
960,965
961,963
869,964
961,965
961,966
962,964
962,965
962,966
962,967
963,965
948,963
963,967
963,968
964,966
964,967
964,968
964,969
965,967
965,968
965,969
970,1342
966,968
966,969
966,970
966,971
967,969
967,970
967,971
967,972
968,970
968,971
968,972
968,973
969,971
522,972
969,973
969,974
970,972
970,973
970,974
970,975
971,973
971,974
971,975
971,976
129,974
972,975
972,976
972,977
973,975
973,976
973,977
973,978
974,976
974,977
974,978
974,979
975,977
975,978
975,979
163,975
976,978
976,979
976,980
976,981
977,979
977,980
977,981
977,982
978,980
978,981
978,982
978,983
979,981
979,982
979,983
979,984
980,982
980,983
980,984
980,985
981,983
733,984
981,985
981,986
982,984
982,985
982,986
982,987
983,985
983,986
983,987
983,988
984,986
984,987
984,988
984,989
985,987
985,1275
985,989
985,990
986,988
986,989
986,990
986,991
987,989
987,990
987,991
987,992
988,990
988,991
988,992
988,993
989,991
989,992
989,993
989,994
990,992
990,993
990,994
990,995
991,993
991,994
991,995
991,996
992,994
992,995
410,992
992,997
993,995
993,996
993,997
993,998
994,996
994,997
399,994
994,999
995,997
995,998
995,999
995,1000
996,998
996,999
996,1000
996,1001
997,999
997,1000
997,1001
997,1002
998,1000
998,1001
998,1002
998,1003
999,1001
999,1002
909,1003
999,1004
1000,1002
1000,1003
1000,1004
1000,1005
1001,1003
1001,1004
1001,1005
1006,1359
1002,1004
1002,1005
1006,1175
1002,1007
190,1003
1003,1006
1003,1007
1003,1008
1004,1006
1004,1007
1004,1008
1004,1009
1005,1007
1005,1008
1005,1009
1005,1458
1006,1008
1006,1009
1006,1010
69,1006
1007,1009
1007,1010
1007,1011
1007,1012
1008,1010
1008,1011
1008,1012
1008,1013
1009,1011
1009,1012
1009,1013
1009,1014
1010,1012
1010,1013
1010,1014
1010,1015
1011,1013
1011,1014
1011,1015
1011,1016
1012,1014
1012,1015
1012,1016
1012,1017
1013,1015
1013,1016
1013,1017
1013,1018
1014,1016
1014,1017
1014,1018
1014,1019
1015,1017
1015,1018
1015,1019
1015,1020
1016,1018
1016,1019
1016,1020
1016,1021
1017,1019
1017,1020
1017,1021
1017,1022
1018,1020
1018,1021
1018,1022
1018,1023
1019,1021
480,1022
1019,1023
1019,1024
483,1020
1020,1023
1020,1024
1020,1025
1021,1023
1021,1024
1021,1025
1021,1026
1022,1024
1022,1025
1022,1466
1022,1027
813,1025
1023,1026
1023,1027
1023,1028
1024,1026
164,1024
1024,1028
1024,1029
1025,1027
1025,1028
1025,1029
1025,1030
1026,1028
1026,1029
1030,1358
1026,1031
1027,1029
1027,1030
1027,1031
1027,1032
1028,1030
1028,1031
1028,1032
1028,1033
1029,1031
986,1032
1029,1033
1029,1034
1030,1032
755,1033
1030,1034
1030,1035
1031,1033
1031,1034
1031,1035
1031,1036
1032,1034
1032,1035
1032,1036
1032,1037
1033,1035
1033,1036
1033,1037
1033,1038
1034,1036
1034,1037
1034,1038
1034,1039
1035,1037
1035,1038
1035,1039
1035,1040
1036,1038
1036,1039
1036,1040
1036,1041
1037,1039
1037,1040
1037,1041
1037,1042
1038,1040
1038,1041
1038,1042
1038,1043
1039,1041
1039,1042
156,1039
1039,1044
1040,1042
1040,1043
640,1040
1040,1045
1041,1043
1041,1044
1041,1045
1041,1046
1042,1044
1042,1045
1042,1046
1042,1047
1043,1045
1043,1046
1043,1056
1043,1048
1044,1138
1044,1047
1044,1048
589,1049
1045,1047
1045,1048
1045,1049
935,1045
1048,1180
1046,1049
840,1046
1046,1051
1047,1049
1047,1050
1047,1051
1047,1052
1048,1050
1048,1051
1048,1052
1048,1053
1049,1051
1049,1052
317,1053
1049,1054
934,1050
1050,1053
1054,1354
1050,1055
1051,1053
1051,1054
1051,1055
1051,1056
1052,1054
1052,1055
1052,1056
1052,1057
393,1053
1053,1056
1053,1057
1053,1058
1054,1056
1054,1057
1054,1058
1054,1059
1055,1057
1055,1058
1055,1059
1055,1060
1056,1058
1056,1059
1056,1060
1056,1061
1057,1059
1057,1060
1057,1061
1057,1062
1058,1060
1058,1061
1058,1062
1058,1063
1059,1061
1059,1383
1059,1063
1059,1064
1062,1138
1060,1063
1060,1064
1060,1065
1061,1063
1061,1064
1061,1065
1061,1066
1062,1064
1062,1065
1062,1066
1062,1067
1063,1065
1063,1066
798,1063
1063,1068
1064,1066
1064,1067
1064,1068
1064,1069
1065,1067
1065,1068
1065,1069
1065,1070
1066,1068
20,1066
1066,1070
1066,1071
1067,1069
1067,1070
1067,1071
1067,1072
1068,1070
882,1068
1068,1072
1068,1073
1069,1071
609,1072
1069,1073
174,1074
1070,1072
1070,1073
1070,1074
1075,1358
1071,1073
1071,1074
1071,1075
1071,1076
1072,1074
1072,1075
1072,1076
1072,1077
1073,1075
1073,1076
1073,1077
1073,1078
501,1076
1074,1077
1074,1078
1074,1079
27,1077
1075,1078
1079,1458
1075,1080
1076,1078
1076,1079
1076,1080
1076,1081
1077,1079
1077,1080
740,1081
1077,1082
1078,1080
1078,1081
1078,1082
1078,1083
1079,1081
1079,1082
1079,1083
1079,1084
1080,1082
1080,1083
1080,1084
1080,1085
1081,1083
1081,1084
1081,1085
1081,1086
1082,1084
1082,1085
1082,1086
587,1087
1083,1085
1083,1086
1083,1087
1083,1088
1084,1086
319,461
1084,1088
1084,1089
1085,1087
1085,1088
1085,1089
1085,1090
1086,1088
1086,1089
1086,1090
1086,1091
1087,1089
1087,1090
1087,1091
1087,1092
359,1090
1088,1091
1088,1092
1088,1093
1089,1091
907,1089
1089,1093
1089,1094
32,1090
1090,1093
1090,1094
1090,1095
1091,1093
1091,1094
1091,1095
1091,1096
1092,1094
1092,1095
1092,1096
1092,1097
1093,1095
1093,1096
1093,1097
1093,1098
1094,1096
1094,1097
1094,1098
1094,1099
1095,1097
1095,1098
1095,1099
1095,1100
1096,1098
1096,1099
1096,1100
1096,1101
1097,1099
351,1097
1097,1101
1097,1102
1098,1100
1098,1101
1098,1102
1098,1103
1099,1101
1099,1102
1099,1103
1099,1104
1100,1102
1100,1103
1100,1104
1100,1105
1101,1103
1101,1104
1101,1105
1101,1106
1102,1104
1102,1105
1102,1106
1102,1107
1105,1307
1106,1469
1103,1107
1103,1108
1104,1106
1104,1107
1104,1108
1104,1109
1105,1107
1105,1108
1109,1190
1105,1110
1106,1108
1106,1109
1106,1110
1111,1331
1107,1109
1107,1110
1107,1111
1107,1112
1108,1248
1108,1111
1108,1112
1108,1113
1109,1111
582,1109
1109,1113
1114,1321
1110,1112
1110,1113
1110,1114
1110,1115
1111,1113
1111,1114
1111,1115
1111,1116
1112,1114
1112,1115
1112,1116
489,1117
1113,1115
1113,1116
1113,1117
1113,1118
1114,1116
1114,1117
1114,1118
1114,1119
1115,1117
1115,1118
1119,1376
1115,1120
1116,1118
1116,1119
1116,1120
1116,1121
1117,1119
1117,1120
1117,1121
1117,1122
1118,1120
1118,1121
1118,1122
1118,1123
1119,1121
1119,1122
1119,1123
1119,1124
1120,1122
1120,1123
1120,1124
1120,1125
1121,1123
1121,1124
1121,1125
1121,1126
1122,1124
1122,1125
1122,1126
1122,1127
1123,1125
412,1126
1123,1127
1123,1128
1124,1126
1124,1127
1124,1128
1124,1129
1127,1299
1125,1128
1125,1129
1125,1130
1126,1128
1126,1129
1126,1130
1131,1347
1127,1129
224,1130
1127,1131
1127,1132
1128,1130
1128,1131
358,1132
800,1128
1129,1131
473,1132
1129,1133
1129,1134
1130,1132
1130,1133
788,1130
1130,1135
1131,1133
1131,1134
1131,1135
1131,1136
1132,1134
1132,1135
1132,1136
1132,1137
1133,1135
1133,1136
1133,1137
1133,1138
1134,1136
1134,1137
1134,1138
1134,1139
1135,1137
1135,1138
1135,1139
1135,1140
1136,1138
970,1139
1136,1140
1136,1141
1137,1139
1137,1140
1137,1141
1137,1142
1138,1140
719,1141
1023,1138
1138,1143
1011,1141
1139,1142
1139,1143
1144,1151
1140,1142
1140,1143
1140,1144
1140,1145
797,1143
1141,1144
1141,1145
1141,1146
1142,1144
1142,1145
1142,1146
1142,1147
1143,1145
1143,1146
1147,1224
1143,1148
1144,1146
1144,1147
1144,1148
1144,1149
1145,1147
1145,1148
189,1149
795,1145
1146,1148
1146,1149
1146,1150
1146,1151
1147,1149
782,1150
1147,1151
115,1147
1148,1150
738,1148
1148,1152
1148,1153
1149,1151
1149,1152
1149,1153
1149,1154
1150,1152
1150,1153
1150,1154
1150,1155
1151,1153
1151,1154
1151,1155
1151,1156
1152,1154
1152,1155
1152,1156
1152,1157
1153,1155
1153,1156
1153,1157
1153,1158
1154,1156
1154,1157
1154,1158
1154,1159
1155,1157
1155,1158
1155,1159
1155,1160
1156,1158
1156,1159
1156,1160
1156,1161
1157,1159
1157,1160
1157,1161
1157,1162
1158,1160
1158,1161
1158,1162
1158,1163
1159,1161
1159,1162
1159,1163
1159,1164
246,1160
1160,1163
1160,1164
1160,1165
864,1163
1161,1164
1161,1165
1161,1166
1162,1164
1162,1165
1162,1166
1162,1167
1163,1165
1163,1166
1163,1167
1163,1168
1164,1166
1164,1167
1164,1168
1164,1169
1165,1167
1165,1168
1165,1169
1165,1170
539,1168
1166,1169
1166,1170
1166,1171
1167,1169
1167,1170
1167,1171
1167,1172
1168,1170
1168,1171
1168,1172
1168,1173
1169,1171
1169,1172
1169,1173
1169,1174
1170,1172
1170,1173
1170,1174
1170,1175
273,1171
1171,1174
1171,1175
1171,1176
1172,1174
1172,1175
1172,1176
1172,1177
1173,1175
1173,1176
1173,1177
1173,1178
1174,1176
1174,1177
1174,1178
1174,1179
1175,1177
1175,1178
1175,1179
1175,1180
1176,1178
1176,1179
1176,1180
1176,1181
1177,1179
1177,1180
1177,1181
1177,1182
374,713
1178,1181
1178,1182
1178,1183
1179,1181
1179,1182
1179,1183
1179,1184
1180,1182
1180,1183
1180,1184
1180,1185
1181,1183
1181,1184
194,1181
1181,1186
1182,1184
1182,1185
1182,1186
885,1182
1183,1185
1183,1186
707,1187
1183,1188
1184,1186
1184,1187
1184,1188
820,1189
27,1185
1185,1188
1185,1189
1185,1190
1186,1188
1186,1189
1186,1190
1186,1191
1187,1189
1187,1190
1187,1191
1187,1192
1188,1190
1188,1191
1188,1192
1188,1193
1189,1191
1189,1192
1189,1193
1189,1194
1190,1192
1190,1193
1190,1194
1190,1195
1191,1193
1191,1194
1191,1195
1191,1196
1192,1194
1192,1195
1192,1196
1192,1197
1193,1195
1193,1196
1193,1197
1193,1198
1194,1196
1194,1197
1194,1198
1194,1199
1195,1197
1195,1198
1195,1199
1195,1200
1196,1198
1196,1199
1196,1200
1196,1201
1197,1199
1197,1200
1197,1201
1197,1202
1198,1200
1198,1201
1198,1202
1198,1203
1199,1201
1199,1202
1199,1203
1199,1204
1200,1202
1200,1203
1200,1204
1200,1205
1201,1203
1201,1204
1201,1205
1201,1206
1202,1204
1202,1205
1202,1206
1202,1207
1203,1205
1203,1206
1203,1207
1203,1208
1204,1206
1204,1207
1204,1208
1204,1209
1205,1207
1205,1208
1205,1209
1205,1210
1206,1208
1206,1209
1206,1210
1206,1211
1207,1209
1207,1210
1207,1211
1207,1212
419,1208
1208,1211
1208,1212
1208,1213
1209,1211
1212,1250
1209,1213
1209,1214
1210,1212
1210,1213
1210,1214
1210,1215
1211,1213
1211,1214
1211,1215
1211,1216
1212,1214
1212,1215
1212,1216
1212,1217
1213,1215
1213,1216
1213,1357
1213,1218
1214,1216
1214,1217
1214,1218
1078,1219
937,1215
1215,1218
1215,1219
1215,1220
1216,1218
1216,1219
1216,1220
1216,1221
1217,1219
1217,1220
1217,1221
1217,1222
1218,1220
1218,1221
1218,1222
1218,1223
1219,1221
1219,1222
1219,1223
1219,1224
1089,1222
1220,1223
1220,1224
1220,1225
1221,1223
1221,1224
1221,1225
1221,1226
1222,1224
1222,1225
1222,1226
1222,1227
1223,1225
1223,1226
1223,1227
1223,1228
1224,1226
1224,1227
1224,1228
1224,1229
1225,1227
1225,1228
1225,1229
1225,1230
1226,1228
1226,1229
1226,1230
1226,1231
1227,1229
1227,1230
1227,1231
1227,1232
1228,1230
1228,1231
1228,1232
1228,1233
1229,1231
1229,1232
1229,1233
1229,1234
1230,1232
1230,1233
1230,1234
1230,1235
1231,1233
1231,1234
1231,1235
1231,1236
1232,1234
1232,1235
1232,1236
1232,1237
1233,1235
705,1233
1233,1237
1233,1238
1234,1236
1234,1237
1234,1238
1234,1239
1235,1237
1235,1238
1235,1239
1235,1240
1236,1238
1006,1239
1236,1240
1236,1241
1237,1239
1237,1240
1237,1241
1237,1242
1238,1240
1238,1241
1238,1242
1238,1243
1239,1241
1239,1242
1239,1243
943,1239
1240,1242
1240,1243
1240,1244
1240,1245
1241,1243
1241,1244
1241,1245
1241,1246
1242,1244
1242,1245
1242,1246
385,1242
1243,1245
1243,1246
1243,1247
1243,1248
1244,1246
1244,1247
1244,1248
1244,1249
1245,1247
1245,1248
1245,1249
1245,1250
1246,1248
1048,1246
1246,1250
1246,1251
1247,1249
1247,1250
1247,1251
1247,1252
1248,1250
1248,1251
1248,1252
1248,1253
1249,1251
1249,1252
1249,1253
1249,1254
1250,1252
1250,1253
1250,1254
1250,1255
1251,1253
1251,1254
266,1251
1251,1256
1252,1254
1252,1255
1252,1256
1252,1257
1253,1255
1253,1278
1253,1257
1253,1258
1254,1256
1254,1257
1254,1258
1254,1259
1255,1257
1255,1258
1255,1259
1255,1260
923,1256
1256,1259
1256,1260
1256,1261
1257,1259
1257,1260
1257,1261
1257,1262
1258,1260
1258,1261
1258,1262
1258,1263
1259,1261
1259,1262
1259,1263
130,1259
1260,1262
1260,1263
1260,1264
1260,1265
1261,1263
1261,1264
1261,1265
1261,1266
1262,1264
439,1265
1262,1266
1262,1267
1263,1265
1266,1436
1263,1267
1011,1263
1264,1266
1264,1267
1264,1268
24,1269
1265,1267
1265,1268
1265,1269
1265,1270
1266,1268
1266,1269
1266,1270
1266,1271
1118,1267
1267,1270
1267,1271
1267,1272
1268,1270
1268,1271
80,1272
1268,1273
1269,1271
1272,1392
1269,1273
1269,1274
1270,1272
1270,1273
1270,1274
1270,1275
1271,1273
1271,1274
1271,1275
1271,1276
607,1274
1272,1275
1272,1276
1272,1277
1273,1275
1273,1276
1273,1277
1273,1278
1274,1276
1274,1277
1274,1278
1279,1440
1275,1277
1275,1278
1275,1279
1275,1280
1276,1278
1276,1279
1276,1280
1276,1281
1277,1279
593,1277
1277,1281
1277,1282
1278,1280
1278,1281
1278,1282
1278,1283
1279,1281
1279,1282
1279,1283
1279,1284
1280,1282
1280,1283
1280,1284
1280,1285
1281,1283
1281,1284
1281,1285
1281,1286
1282,1284
1282,1285
1282,1286
1282,1287
1283,1285
1283,1286
1283,1287
1283,1288
1284,1286
1284,1287
1284,1288
1284,1289
1285,1287
1285,1288
1285,1289
430,1290
1286,1288
1286,1289
1286,1290
1286,1291
1287,1289
1287,1290
1287,1291
1287,1292
1288,1290
737,1288
1288,1292
1288,1293
1289,1291
1289,1292
1289,1293
1289,1294
1290,1292
1290,1293
1290,1294
1290,1295
1291,1293
1291,1294
1291,1295
1291,1296
1292,1294
1292,1295
1292,1296
1292,1297
1293,1295
1293,1296
1293,1297
1293,1298
1093,1294
1294,1297
520,1294
1294,1299
1295,1297
1295,1298
1295,1299
1295,1300
1296,1298
1296,1299
1296,1300
1296,1301
1297,1299
1297,1300
1297,1301
1297,1302
1298,1300
1298,1301
1298,1302
1298,1303
1299,1301
1299,1302
1299,1303
1299,1304
1300,1302
1300,1303
1300,1304
1300,1305
34,1301
1301,1304
1301,1305
1301,1306
1302,1304
1302,1305
1302,1306
1302,1307
1303,1305
1303,1306
1303,1307
1303,1308
1304,1306
1304,1307
1304,1308
1304,1309
1305,1307
1305,1308
1305,1309
1305,1310
531,1308
1306,1309
1306,1310
1306,1311
1307,1309
1307,1310
1307,1311
1307,1312
1308,1310
1308,1311
1308,1312
276,1313
1309,1311
1309,1312
1309,1313
1309,1314
1310,1312
1310,1313
115,1314
1310,1315
1311,1313
1311,1314
895,1311
1311,1316
1312,1314
435,1312
1312,1316
1312,1317
1313,1315
1313,1316
1313,1317
1313,1318
1314,1316
1314,1317
1314,1318
1314,1319
1315,1317
1315,1318
1315,1319
1315,1320
1316,1318
1316,1319
1316,1320
1316,1321
1317,1319
1317,1320
1317,1321
1317,1322
1318,1320
1318,1321
1318,1322
1107,1323
1319,1321
1319,1322
656,1323
1319,1324
1320,1322
1320,1323
1320,1324
1320,1325
1321,1323
1321,1324
1321,1325
1321,1326
1322,1324
1322,1325
1322,1326
1322,1327
1323,1325
1323,1326
1323,1327
801,1328
1324,1326
1324,1327
1324,1328
1324,1329
1325,1327
1325,1328
1325,1329
1325,1330
1326,1328
1329,1408
1326,1330
1326,1331
1327,1329
1327,1330
1327,1331
1327,1332
1328,1330
1328,1331
1328,1332
1328,1333
1329,1331
1329,1332
1329,1333
1329,1334
1330,1332
1330,1333
1330,1334
1330,1335
275,1331
1331,1334
1331,1335
1331,1336
1332,1334
1332,1335
1332,1336
1332,1337
1333,1335
1333,1336
1333,1337
1333,1338
1334,1336
1334,1337
1334,1338
1334,1339
1335,1337
1335,1338
1335,1339
1335,1340
1336,1338
1336,1339
1336,1340
1336,1341
1337,1339
1337,1340
1337,1341
1337,1342
1338,1340
1338,1341
1338,1342
1338,1343
1339,1341
1339,1342
1339,1343
1339,1344
1340,1342
1340,1343
1340,1344
1340,1345
1341,1343
1341,1344
1341,1345
1341,1346
1324,1344
1342,1345
1342,1346
1342,1347
1343,1345
1343,1346
1343,1347
1343,1348
1344,1346
1344,1347
1344,1348
1344,1349
1345,1347
1345,1348
1345,1349
1345,1350
1346,1348
1346,1349
1346,1350
1346,1351
1347,1349
983,1347
1347,1351
1347,1352
1348,1350
1348,1351
390,1352
1348,1353
1349,1351
1349,1352
1349,1353
1349,1354
1350,1352
1350,1353
1350,1354
1350,1355
13,1351
1351,1354
1351,1355
1351,1356
1352,1354
751,1352
1352,1356
1352,1357
1353,1355
1353,1356
1353,1357
579,1358
1354,1356
1354,1357
1354,1358
102,1359
1355,1357
1355,1358
1355,1359
1355,1360
1356,1358
1356,1359
1356,1360
1356,1361
1065,1357
1357,1360
1357,1361
1357,1362
1358,1360
1358,1361
1358,1362
1358,1363
1359,1361
1359,1362
1359,1363
1359,1364
1360,1362
1360,1363
1360,1364
1360,1365
1361,1363
1361,1364
1361,1365
1361,1366
1362,1364
1362,1365
1362,1366
1362,1367
1363,1365
1363,1366
1363,1367
1363,1368
1364,1366
525,1367
1364,1368
1364,1369
1365,1367
1365,1368
1086,1365
678,1370
1366,1368
1366,1369
1366,1370
1366,1371
1367,1369
1367,1370
1367,1371
1256,1372
1368,1370
1368,1371
1368,1372
1368,1373
1369,1371
1369,1372
1369,1373
1369,1374
1370,1372
1370,1373
1370,1374
1074,1375
1371,1373
1371,1374
1371,1375
1371,1376
1372,1374
1372,1375
1372,1376
1372,1377
1373,1375
1373,1376
1373,1377
1373,1378
1374,1376
1374,1380
1374,1378
1374,1379
1375,1377
1375,1378
954,1379
1375,1380
1376,1378
1376,1379
1376,1380
1376,1381
1377,1379
1377,1380
1377,1381
1377,1382
1378,1380
1269,1381
1378,1382
1378,1383
1379,1381
1379,1382
1379,1383
832,1384
1380,1382
1380,1383
1380,1384
1380,1385
1381,1383
1381,1384
1381,1385
1381,1386
1382,1384
1382,1385
1382,1386
1382,1387
525,1383
1383,1386
1383,1387
1383,1388
1384,1386
1384,1387
1384,1388
1384,1389
1385,1387
988,1388
1385,1463
1385,1390
1386,1388
1386,1389
1386,1390
1386,1391
1387,1389
1387,1390
1387,1391
1387,1392
1388,1390
1388,1391
1388,1392
1388,1393
1389,1391
1389,1392
190,1393
1389,1394
1390,1392
1390,1393
1390,1394
1390,1395
1391,1393
1075,1394
1391,1395
1391,1396
1392,1394
1392,1395
1392,1396
1392,1397
1393,1395
1393,1396
1393,1397
1393,1398
1394,1396
1394,1397
1394,1398
1394,1399
1395,1397
1395,1398
1395,1399
1395,1400
1396,1398
1396,1399
1396,1400
1396,1401
1397,1399
1397,1400
1397,1401
1397,1402
1398,1400
1398,1401
1398,1402
1398,1403
1399,1401
1399,1402
1399,1403
1399,1404
193,1402
1400,1403
1400,1404
1101,1400
1401,1403
1401,1404
1401,1405
1401,1406
1402,1404
1402,1405
1402,1406
1402,1407
1403,1405
1403,1406
1217,1403
1403,1408
1404,1406
1404,1407
1404,1408
1404,1409
1405,1407
1405,1408
1405,1409
1405,1410
1406,1408
1406,1409
1406,1410
1406,1411
1407,1409
1407,1410
1407,1411
1407,1412
1408,1410
1408,1411
1408,1412
1408,1413
1409,1411
1409,1412
1409,1413
1409,1414
1410,1412
1410,1413
1410,1414
1410,1415
409,1413
1411,1414
1411,1415
1411,1416
1412,1414
1412,1415
51,1416
1412,1417
1413,1415
1413,1416
155,1417
1413,1418
1414,1416
1414,1417
1414,1418
1414,1419
1415,1417
1415,1418
1415,1419
1415,1420
1416,1418
1416,1419
1416,1420
1416,1421
1417,1419
1417,1420
1417,1421
1417,1422
1418,1420
1418,1421
1418,1422
1418,1423
1419,1421
1419,1422
1419,1423
1419,1424
1420,1422
1420,1423
1420,1424
1420,1425
1421,1423
1421,1424
1421,1425
1421,1426
1422,1424
1422,1425
1422,1426
1422,1427
1423,1425
1423,1426
1423,1427
1423,1428
1424,1426
1424,1427
1424,1428
1424,1429
1425,1427
1425,1428
1425,1429
1425,1430
1426,1428
1426,1429
1426,1430
1426,1431
1427,1429
1427,1430
1427,1431
1427,1432
1428,1430
1428,1431
1428,1432
1428,1433
1429,1431
1429,1432
1429,1433
1429,1434
1430,1432
1430,1433
1430,1434
1430,1435
1431,1433
1431,1434
1431,1435
1431,1436
1030,1434
908,1435
1432,1436
518,830
1433,1435
1433,1436
1433,1437
1433,1438
1434,1436
1434,1437
1434,1438
1434,1439
1435,1437
1435,1438
1435,1439
1435,1440
1436,1438
457,1436
1436,1440
1436,1441
155,1437
1437,1440
1437,1441
1437,1442
1438,1440
1438,1441
1438,1442
1438,1443
1439,1441
1439,1442
1439,1443
903,1439
1440,1442
1440,1443
1440,1444
1440,1445
1441,1443
1441,1444
1441,1445
1441,1446
1442,1444
1442,1445
1442,1446
1442,1447
1443,1445
1443,1446
1443,1447
1443,1448
1444,1446
1444,1447
1444,1448
506,1449
1445,1447
1445,1448
1445,1449
1445,1450
1446,1448
1446,1449
1446,1450
1446,1451
1447,1449
1447,1450
1447,1451
1447,1452
401,1005
1448,1451
1448,1452
660,1448
1449,1451
1065,1449
1449,1453
1449,1454
1303,1452
480,1450
1450,1454
1450,1455
1451,1453
1451,1454
1451,1455
379,1456
1452,1454
1452,1455
1452,1456
167,1452
1453,1455
1453,1456
1453,1457
1161,1453
1454,1456
1454,1457
1454,1458
885,1459
1455,1457
1455,1458
1455,1459
1455,1460
1456,1458
1456,1459
1456,1460
1456,1461
619,1457
1457,1460
1036,1461
1457,1462
1458,1460
1458,1461
1458,1462
1458,1463
1459,1461
1459,1462
1237,1459
1459,1464
1460,1462
1460,1463
1460,1464
1460,1465
553,1461
1461,1464
1461,1465
1461,1466
1462,1464
1462,1465
1462,1466
1462,1467
1463,1465
1463,1466
1463,1467
1463,1468
1464,1466
1464,1467
1464,1468
1464,1469
1465,1467
1465,1468
1465,1469
1465,1470
1466,1468
1466,1469
1466,1470
1466,1471
1467,1469
1467,1470
1467,1471
1467,1472
1468,1470
1468,1471
1468,1472
1468,1473
1469,1471
1469,1472
1469,1473
1469,1474
1470,1472
1470,1473
1470,1474
1470,1475
1471,1473
1471,1474
1471,1475
1471,1476
1472,1474
1472,1475
1472,1476
1472,1477
793,1475
1473,1476
1473,1477
1473,1478
1465,1474
1474,1477
1474,1478
1474,1479
1475,1477
1475,1478
1475,1479
1475,1480
1476,1478
1476,1479
1314,1476
1476,1481
1477,1479
1477,1480
1477,1481
1477,1482
1478,1480
1478,1481
1478,1482
1478,1483
1479,1481
1479,1482
1479,1483
1479,1484
1480,1482
1480,1483
1480,1484
1480,1485
1481,1483
1481,1484
1481,1485
1481,1486
1482,1484
1482,1485
1482,1486
1482,1487
1483,1485
1483,1486
1483,1487
1483,1488
1484,1486
1425,1484
1484,1488
1484,1489
1485,1487
1485,1488
1485,1489
1485,1490
1486,1488
1486,1489
1486,1490
1486,1491
1487,1489
580,1487
1487,1491
1487,1492
1488,1490
1488,1491
893,1488
1488,1493
1489,1491
1489,1492
1161,1489
1384,1489
1490,1492
1490,1493
1490,1494
1490,1495
904,1493
1491,1494
1491,1495
1491,1496
1492,1494
1492,1495
1492,1496
1492,1497
1493,1495
1493,1496
1493,1497
1493,1498
1494,1496
1494,1497
1494,1498
1494,1499
1495,1497
1495,1498
1495,1499
1495,1500
1496,1498
1496,1499
1496,1500
1497,1499
1497,1500
1498,1500
