10.32.5.51;172.23.127.122
10.32.5.51;172.23.127.124
10.32.5.51;172.23.127.125
10.32.5.51;172.23.127.126
10.32.5.51;172.23.127.127
10.32.5.51;172.23.127.128
10.32.5.51;172.23.127.129
10.32.5.51;172.23.127.198
10.32.5.51;172.23.127.199
10.32.5.51;172.23.127.200
10.32.5.51;172.23.127.201
10.32.5.51;172.23.127.202
10.32.5.51;172.23.127.203
10.32.5.51;172.23.127.204
10.32.5.51;172.23.127.205
10.32.5.51;172.23.127.206
10.32.5.51;172.23.127.207
10.32.5.51;172.23.127.208
10.32.5.51;172.23.127.209
10.32.5.51;172.23.134.182
10.32.5.51;172.23.134.210
10.32.5.51;172.23.134.211
10.32.5.51;172.23.134.212
10.32.5.51;172.23.134.213
10.32.5.51;172.23.134.214
10.32.5.51;172.23.134.215
10.32.5.51;172.23.134.216
10.32.5.51;172.23.134.217
10.32.5.51;172.23.134.218
10.32.5.51;172.23.134.219
10.32.5.51;172.23.134.76
10.32.5.51;172.23.134.77
10.32.5.51;172.23.134.78
10.32.5.51;172.23.134.79
10.32.5.51;172.23.134.94
10.32.5.51;172.23.134.95
10.32.5.51;172.23.134.98
10.32.5.51;172.23.134.99
10.32.5.51;172.23.135.10
10.32.5.51;172.23.135.11
10.32.5.51;172.23.135.12
10.32.5.51;172.23.135.120
10.32.5.51;172.23.135.121
10.32.5.51;172.23.135.14
10.32.5.51;172.23.135.15
10.32.5.51;172.23.135.16
10.32.5.51;172.23.135.17
10.32.5.51;172.23.135.230
10.32.5.51;172.23.135.231
10.32.5.51;172.23.135.232
10.32.5.51;172.23.135.233
10.32.5.51;172.23.135.234
10.32.5.51;172.23.135.235
10.32.5.51;172.23.135.236
10.32.5.51;172.23.135.237
10.32.5.51;172.23.135.238
10.32.5.51;172.23.135.239
10.32.5.51;172.23.231.174
10.32.5.51;172.23.231.175
10.32.5.51;172.23.231.62
10.32.5.51;172.23.231.68
10.32.5.51;172.23.231.69
10.32.5.51;172.23.232.0
10.32.5.51;172.23.232.132
10.32.5.51;172.23.232.133
10.32.5.51;172.23.232.153
10.32.5.51;172.23.232.155
10.32.5.51;172.23.232.156
10.32.5.51;172.23.232.157
10.32.5.51;172.23.232.158
10.32.5.51;172.23.232.159
10.32.5.51;172.23.232.251
10.32.5.51;172.23.232.255
10.32.5.51;172.23.232.4
10.32.5.51;172.23.232.54
10.32.5.51;172.23.232.56
10.32.5.51;172.23.232.57
10.32.5.51;172.23.232.58
10.32.5.51;172.23.232.7
10.32.5.51;172.23.232.9
10.32.5.51;172.23.233.1
10.32.5.51;172.23.233.150
10.32.5.51;172.23.233.153
10.32.5.51;172.23.233.155
10.32.5.51;172.23.233.157
10.32.5.51;172.23.233.3
10.32.5.51;172.23.233.31
10.32.5.51;172.23.233.33
10.32.5.51;172.23.233.35
10.32.5.51;172.23.233.36
10.32.5.51;172.23.233.37
10.32.5.51;172.23.233.38
10.32.5.51;172.23.233.50
10.32.5.51;172.23.233.51
10.32.5.51;172.23.233.52
10.32.5.51;172.23.233.53
10.32.5.51;172.23.233.54
10.32.5.51;172.23.233.58
10.32.5.51;172.23.233.59
10.32.5.51;172.23.233.7
10.32.5.51;172.23.234.0
10.32.5.51;172.23.234.1
10.32.5.51;172.23.234.20
10.32.5.51;172.23.234.21
10.32.5.51;172.23.234.23
10.32.5.51;172.23.234.24
10.32.5.51;172.23.234.250
10.32.5.51;172.23.234.253
10.32.5.51;172.23.234.254
10.32.5.51;172.23.234.255
10.32.5.51;172.23.234.27
10.32.5.51;172.23.234.28
10.32.5.51;172.23.234.29
10.32.5.51;172.23.234.3
10.32.5.51;172.23.234.4
10.32.5.51;172.23.234.5
10.32.5.51;172.23.234.50
10.32.5.51;172.23.234.52
10.32.5.51;172.23.234.53
10.32.5.51;172.23.234.55
10.32.5.51;172.23.234.56
10.32.5.51;172.23.234.58
10.32.5.51;172.23.234.7
10.32.5.51;172.23.234.8
10.32.5.51;172.23.235.0
10.32.5.51;172.23.235.1
10.32.5.51;172.23.235.140
10.32.5.51;172.23.235.141
10.32.5.51;172.23.235.142
10.32.5.51;172.23.235.144
10.32.5.51;172.23.235.146
10.32.5.51;172.23.235.147
10.32.5.51;172.23.235.2
10.32.5.51;172.23.235.3
10.32.5.51;172.23.235.4
10.32.5.51;172.23.235.52
10.32.5.51;172.23.235.53
10.32.5.51;172.23.235.54
10.32.5.51;172.23.235.59
10.32.5.51;172.23.235.6
10.32.5.51;172.23.235.7
10.32.5.51;172.23.235.70
10.32.5.51;172.23.235.72
10.32.5.51;172.23.235.73
10.32.5.51;172.23.235.74
10.32.5.51;172.23.235.75
10.32.5.51;172.23.235.79
10.32.5.51;172.23.238.122
10.32.5.51;172.23.238.124
10.32.5.51;172.23.238.127
10.32.5.51;172.23.238.129
10.32.5.51;172.23.238.220
10.32.5.51;172.23.238.222
10.32.5.51;172.23.238.223
10.32.5.51;172.23.238.224
10.32.5.51;172.23.238.225
10.32.5.51;172.23.238.226
10.32.5.51;172.23.238.227
10.32.5.51;172.23.238.228
10.32.5.51;172.23.238.71
10.32.5.51;172.23.238.72
10.32.5.51;172.23.238.74
10.32.5.51;172.23.238.75
10.32.5.51;172.23.238.78
10.32.5.51;172.23.238.79
10.32.5.51;172.23.239.10
10.32.5.51;172.23.239.120
10.32.5.51;172.23.239.121
10.32.5.51;172.23.239.123
10.32.5.51;172.23.239.124
10.32.5.51;172.23.239.126
10.32.5.51;172.23.239.128
10.32.5.51;172.23.239.71
10.32.5.51;172.23.239.72
10.32.5.51;172.23.239.73
10.32.5.51;172.23.239.74
10.32.5.51;172.23.239.75
10.32.5.51;172.23.239.77
10.32.5.51;172.23.239.78
10.32.5.51;172.23.239.80
10.32.5.51;172.23.239.81
10.32.5.51;172.23.239.84
10.32.5.51;172.23.239.85
10.32.5.51;172.23.239.86
10.32.5.51;172.23.239.88
10.32.5.51;172.23.239.89
10.32.5.51;172.23.240.124
10.32.5.51;172.23.240.125
10.32.5.51;172.23.240.126
10.32.5.51;172.23.240.127
10.32.5.51;172.23.240.150
10.32.5.51;172.23.240.153
10.32.5.51;172.23.240.154
10.32.5.51;172.23.240.155
10.32.5.51;172.23.240.156
10.32.5.51;172.23.240.158
10.32.5.51;172.23.240.250
10.32.5.51;172.23.240.251
10.32.5.51;172.23.240.252
10.32.5.51;172.23.240.254
10.32.5.51;172.23.240.31
10.32.5.51;172.23.240.34
10.32.5.51;172.23.240.35
10.32.5.51;172.23.240.36
10.32.5.52;172.23.127.122
10.32.5.52;172.23.127.124
10.32.5.52;172.23.127.125
10.32.5.52;172.23.127.126
10.32.5.52;172.23.127.127
10.32.5.52;172.23.127.128
10.32.5.52;172.23.127.129
10.32.5.52;172.23.127.198
10.32.5.52;172.23.127.199
10.32.5.52;172.23.127.200
10.32.5.52;172.23.127.201
10.32.5.52;172.23.127.202
10.32.5.52;172.23.127.203
10.32.5.52;172.23.127.204
10.32.5.52;172.23.127.205
10.32.5.52;172.23.127.206
10.32.5.52;172.23.127.207
10.32.5.52;172.23.127.208
10.32.5.52;172.23.127.209
10.32.5.52;172.23.134.182
10.32.5.52;172.23.134.210
10.32.5.52;172.23.134.211
10.32.5.52;172.23.134.212
10.32.5.52;172.23.134.213
10.32.5.52;172.23.134.214
10.32.5.52;172.23.134.215
10.32.5.52;172.23.134.216
10.32.5.52;172.23.134.217
10.32.5.52;172.23.134.218
10.32.5.52;172.23.134.219
10.32.5.52;172.23.134.76
10.32.5.52;172.23.134.77
10.32.5.52;172.23.134.78
10.32.5.52;172.23.134.79
10.32.5.52;172.23.134.94
10.32.5.52;172.23.134.95
10.32.5.52;172.23.134.98
10.32.5.52;172.23.134.99
10.32.5.52;172.23.135.10
10.32.5.52;172.23.135.11
10.32.5.52;172.23.135.12
10.32.5.52;172.23.135.120
10.32.5.52;172.23.135.121
10.32.5.52;172.23.135.14
10.32.5.52;172.23.135.15
10.32.5.52;172.23.135.16
10.32.5.52;172.23.135.17
10.32.5.52;172.23.135.230
10.32.5.52;172.23.135.231
10.32.5.52;172.23.135.232
10.32.5.52;172.23.135.233
10.32.5.52;172.23.135.234
10.32.5.52;172.23.135.235
10.32.5.52;172.23.135.236
10.32.5.52;172.23.135.237
10.32.5.52;172.23.135.238
10.32.5.52;172.23.135.239
10.32.5.52;172.23.231.175
10.32.5.52;172.23.231.62
10.32.5.52;172.23.231.63
10.32.5.52;172.23.231.64
10.32.5.52;172.23.231.68
10.32.5.52;172.23.231.69
10.32.5.52;172.23.232.0
10.32.5.52;172.23.232.132
10.32.5.52;172.23.232.133
10.32.5.52;172.23.232.152
10.32.5.52;172.23.232.153
10.32.5.52;172.23.232.154
10.32.5.52;172.23.232.155
10.32.5.52;172.23.232.159
10.32.5.52;172.23.232.250
10.32.5.52;172.23.232.254
10.32.5.52;172.23.232.255
10.32.5.52;172.23.232.4
10.32.5.52;172.23.232.5
10.32.5.52;172.23.232.50
10.32.5.52;172.23.232.51
10.32.5.52;172.23.232.54
10.32.5.52;172.23.232.55
10.32.5.52;172.23.232.56
10.32.5.52;172.23.232.57
10.32.5.52;172.23.232.58
10.32.5.52;172.23.232.59
10.32.5.52;172.23.232.7
10.32.5.52;172.23.232.8
10.32.5.52;172.23.233.0
10.32.5.52;172.23.233.1
10.32.5.52;172.23.233.150
10.32.5.52;172.23.233.151
10.32.5.52;172.23.233.152
10.32.5.52;172.23.233.154
10.32.5.52;172.23.233.155
10.32.5.52;172.23.233.156
10.32.5.52;172.23.233.157
10.32.5.52;172.23.233.158
10.32.5.52;172.23.233.159
10.32.5.52;172.23.233.2
10.32.5.52;172.23.233.30
10.32.5.52;172.23.233.33
10.32.5.52;172.23.233.35
10.32.5.52;172.23.233.5
10.32.5.52;172.23.233.52
10.32.5.52;172.23.233.54
10.32.5.52;172.23.233.57
10.32.5.52;172.23.233.58
10.32.5.52;172.23.233.59
10.32.5.52;172.23.233.7
10.32.5.52;172.23.233.9
10.32.5.52;172.23.234.0
10.32.5.52;172.23.234.1
10.32.5.52;172.23.234.150
10.32.5.52;172.23.234.152
10.32.5.52;172.23.234.159
10.32.5.52;172.23.234.2
10.32.5.52;172.23.234.252
10.32.5.52;172.23.234.27
10.32.5.52;172.23.234.28
10.32.5.52;172.23.234.3
10.32.5.52;172.23.234.50
10.32.5.52;172.23.234.51
10.32.5.52;172.23.234.53
10.32.5.52;172.23.234.54
10.32.5.52;172.23.234.56
10.32.5.52;172.23.234.57
10.32.5.52;172.23.234.58
10.32.5.52;172.23.234.59
10.32.5.52;172.23.234.6
10.32.5.52;172.23.234.7
10.32.5.52;172.23.234.8
10.32.5.52;172.23.234.9
10.32.5.52;172.23.235.0
10.32.5.52;172.23.235.142
10.32.5.52;172.23.235.143
10.32.5.52;172.23.235.144
10.32.5.52;172.23.235.145
10.32.5.52;172.23.235.146
10.32.5.52;172.23.235.4
10.32.5.52;172.23.235.5
10.32.5.52;172.23.235.50
10.32.5.52;172.23.235.53
10.32.5.52;172.23.235.55
10.32.5.52;172.23.235.57
10.32.5.52;172.23.235.58
10.32.5.52;172.23.235.59
10.32.5.52;172.23.235.6
10.32.5.52;172.23.235.7
10.32.5.52;172.23.235.71
10.32.5.52;172.23.235.73
10.32.5.52;172.23.235.74
10.32.5.52;172.23.235.77
10.32.5.52;172.23.238.120
10.32.5.52;172.23.238.122
10.32.5.52;172.23.238.123
10.32.5.52;172.23.238.124
10.32.5.52;172.23.238.125
10.32.5.52;172.23.238.128
10.32.5.52;172.23.238.220
10.32.5.52;172.23.238.221
10.32.5.52;172.23.238.222
10.32.5.52;172.23.238.223
10.32.5.52;172.23.238.225
10.32.5.52;172.23.238.226
10.32.5.52;172.23.238.227
10.32.5.52;172.23.238.228
10.32.5.52;172.23.238.229
10.32.5.52;172.23.238.70
10.32.5.52;172.23.238.71
10.32.5.52;172.23.238.72
10.32.5.52;172.23.238.73
10.32.5.52;172.23.238.74
10.32.5.52;172.23.238.75
10.32.5.52;172.23.238.78
10.32.5.52;172.23.238.79
10.32.5.52;172.23.239.10
10.32.5.52;172.23.239.124
10.32.5.52;172.23.239.126
10.32.5.52;172.23.239.127
10.32.5.52;172.23.239.128
10.32.5.52;172.23.239.71
10.32.5.52;172.23.239.72
10.32.5.52;172.23.239.73
10.32.5.52;172.23.239.74
10.32.5.52;172.23.239.75
10.32.5.52;172.23.239.76
10.32.5.52;172.23.239.77
10.32.5.52;172.23.239.79
10.32.5.52;172.23.239.80
10.32.5.52;172.23.239.82
10.32.5.52;172.23.239.87
10.32.5.52;172.23.239.89
10.32.5.52;172.23.240.124
10.32.5.52;172.23.240.125
10.32.5.52;172.23.240.156
10.32.5.52;172.23.240.157
10.32.5.52;172.23.240.250
10.32.5.52;172.23.240.253
10.32.5.52;172.23.240.254
10.32.5.52;172.23.240.255
10.32.5.52;172.23.240.31
10.32.5.52;172.23.240.32
10.32.5.52;172.23.240.33
10.32.5.52;172.23.240.35
10.32.5.52;172.23.240.37
10.32.5.52;172.23.240.38
10.32.5.52;172.23.240.39
10.32.5.53;172.23.127.122
10.32.5.53;172.23.127.124
10.32.5.53;172.23.127.125
10.32.5.53;172.23.127.126
10.32.5.53;172.23.127.127
10.32.5.53;172.23.127.128
10.32.5.53;172.23.127.129
10.32.5.53;172.23.127.198
10.32.5.53;172.23.127.199
10.32.5.53;172.23.127.200
10.32.5.53;172.23.127.201
10.32.5.53;172.23.127.202
10.32.5.53;172.23.127.203
10.32.5.53;172.23.127.204
10.32.5.53;172.23.127.205
10.32.5.53;172.23.127.206
10.32.5.53;172.23.127.207
10.32.5.53;172.23.127.208
10.32.5.53;172.23.127.209
10.32.5.53;172.23.134.182
10.32.5.53;172.23.134.210
10.32.5.53;172.23.134.211
10.32.5.53;172.23.134.212
10.32.5.53;172.23.134.213
10.32.5.53;172.23.134.214
10.32.5.53;172.23.134.215
10.32.5.53;172.23.134.216
10.32.5.53;172.23.134.217
10.32.5.53;172.23.134.218
10.32.5.53;172.23.134.219
10.32.5.53;172.23.134.76
10.32.5.53;172.23.134.77
10.32.5.53;172.23.134.78
10.32.5.53;172.23.134.79
10.32.5.53;172.23.134.94
10.32.5.53;172.23.134.95
10.32.5.53;172.23.134.98
10.32.5.53;172.23.134.99
10.32.5.53;172.23.135.10
10.32.5.53;172.23.135.11
10.32.5.53;172.23.135.12
10.32.5.53;172.23.135.120
10.32.5.53;172.23.135.121
10.32.5.53;172.23.135.14
10.32.5.53;172.23.135.15
10.32.5.53;172.23.135.16
10.32.5.53;172.23.135.17
10.32.5.53;172.23.135.230
10.32.5.53;172.23.135.231
10.32.5.53;172.23.135.232
10.32.5.53;172.23.135.233
10.32.5.53;172.23.135.234
10.32.5.53;172.23.135.235
10.32.5.53;172.23.135.236
10.32.5.53;172.23.135.237
10.32.5.53;172.23.135.238
10.32.5.53;172.23.135.239
10.32.5.54;172.23.127.122
10.32.5.54;172.23.127.124
10.32.5.54;172.23.127.125
10.32.5.54;172.23.127.126
10.32.5.54;172.23.127.127
10.32.5.54;172.23.127.128
10.32.5.54;172.23.127.129
10.32.5.54;172.23.127.198
10.32.5.54;172.23.127.199
10.32.5.54;172.23.127.200
10.32.5.54;172.23.127.201
10.32.5.54;172.23.127.202
10.32.5.54;172.23.127.203
10.32.5.54;172.23.127.204
10.32.5.54;172.23.127.205
10.32.5.54;172.23.127.206
10.32.5.54;172.23.127.207
10.32.5.54;172.23.127.208
10.32.5.54;172.23.127.209
10.32.5.54;172.23.134.182
10.32.5.54;172.23.134.210
10.32.5.54;172.23.134.211
10.32.5.54;172.23.134.212
10.32.5.54;172.23.134.213
10.32.5.54;172.23.134.214
10.32.5.54;172.23.134.215
10.32.5.54;172.23.134.216
10.32.5.54;172.23.134.217
10.32.5.54;172.23.134.218
10.32.5.54;172.23.134.219
10.32.5.54;172.23.134.76
10.32.5.54;172.23.134.77
10.32.5.54;172.23.134.78
10.32.5.54;172.23.134.79
10.32.5.54;172.23.134.94
10.32.5.54;172.23.134.95
10.32.5.54;172.23.134.98
10.32.5.54;172.23.134.99
10.32.5.54;172.23.135.10
10.32.5.54;172.23.135.11
10.32.5.54;172.23.135.12
10.32.5.54;172.23.135.120
10.32.5.54;172.23.135.121
10.32.5.54;172.23.135.14
10.32.5.54;172.23.135.15
10.32.5.54;172.23.135.16
10.32.5.54;172.23.135.17
10.32.5.54;172.23.135.230
10.32.5.54;172.23.135.231
10.32.5.54;172.23.135.232
10.32.5.54;172.23.135.233
10.32.5.54;172.23.135.234
10.32.5.54;172.23.135.235
10.32.5.54;172.23.135.236
10.32.5.54;172.23.135.237
10.32.5.54;172.23.135.238
10.32.5.54;172.23.135.239
10.32.5.54;172.23.231.174
10.32.5.54;172.23.231.175
10.32.5.54;172.23.231.199
10.32.5.54;172.23.231.60
10.32.5.54;172.23.231.61
10.32.5.54;172.23.231.62
10.32.5.54;172.23.231.63
10.32.5.54;172.23.231.64
10.32.5.54;172.23.231.65
10.32.5.54;172.23.231.66
10.32.5.54;172.23.231.67
10.32.5.54;172.23.231.68
10.32.5.54;172.23.231.69
10.32.5.54;172.23.232.0
10.32.5.54;172.23.232.1
10.32.5.54;172.23.232.132
10.32.5.54;172.23.232.133
10.32.5.54;172.23.232.150
10.32.5.54;172.23.232.151
10.32.5.54;172.23.232.152
10.32.5.54;172.23.232.153
10.32.5.54;172.23.232.154
10.32.5.54;172.23.232.155
10.32.5.54;172.23.232.156
10.32.5.54;172.23.232.157
10.32.5.54;172.23.232.158
10.32.5.54;172.23.232.159
10.32.5.54;172.23.232.2
10.32.5.54;172.23.232.250
10.32.5.54;172.23.232.251
10.32.5.54;172.23.232.252
10.32.5.54;172.23.232.253
10.32.5.54;172.23.232.254
10.32.5.54;172.23.232.255
10.32.5.54;172.23.232.3
10.32.5.54;172.23.232.4
10.32.5.54;172.23.232.5
10.32.5.54;172.23.232.50
10.32.5.54;172.23.232.51
10.32.5.54;172.23.232.52
10.32.5.54;172.23.232.53
10.32.5.54;172.23.232.54
10.32.5.54;172.23.232.55
10.32.5.54;172.23.232.56
10.32.5.54;172.23.232.57
10.32.5.54;172.23.232.58
10.32.5.54;172.23.232.6
10.32.5.54;172.23.232.7
10.32.5.54;172.23.232.8
10.32.5.54;172.23.232.9
10.32.5.54;172.23.233.0
10.32.5.54;172.23.233.1
10.32.5.54;172.23.233.150
10.32.5.54;172.23.233.151
10.32.5.54;172.23.233.152
10.32.5.54;172.23.233.153
10.32.5.54;172.23.233.154
10.32.5.54;172.23.233.155
10.32.5.54;172.23.233.156
10.32.5.54;172.23.233.157
10.32.5.54;172.23.233.158
10.32.5.54;172.23.233.159
10.32.5.54;172.23.233.2
10.32.5.54;172.23.233.3
10.32.5.54;172.23.233.30
10.32.5.54;172.23.233.31
10.32.5.54;172.23.233.32
10.32.5.54;172.23.233.33
10.32.5.54;172.23.233.34
10.32.5.54;172.23.233.35
10.32.5.54;172.23.233.36
10.32.5.54;172.23.233.37
10.32.5.54;172.23.233.38
10.32.5.54;172.23.233.39
10.32.5.54;172.23.233.4
10.32.5.54;172.23.233.5
10.32.5.54;172.23.233.50
10.32.5.54;172.23.233.51
10.32.5.54;172.23.233.52
10.32.5.54;172.23.233.53
10.32.5.54;172.23.233.54
10.32.5.54;172.23.233.55
10.32.5.54;172.23.233.56
10.32.5.54;172.23.233.57
10.32.5.54;172.23.233.58
10.32.5.54;172.23.233.59
10.32.5.54;172.23.233.6
10.32.5.54;172.23.233.7
10.32.5.54;172.23.233.8
10.32.5.54;172.23.233.9
10.32.5.54;172.23.234.0
10.32.5.54;172.23.234.1
10.32.5.54;172.23.234.150
10.32.5.54;172.23.234.152
10.32.5.54;172.23.234.158
10.32.5.54;172.23.234.159
10.32.5.54;172.23.234.2
10.32.5.54;172.23.234.20
10.32.5.54;172.23.234.21
10.32.5.54;172.23.234.22
10.32.5.54;172.23.234.23
10.32.5.54;172.23.234.24
10.32.5.54;172.23.234.25
10.32.5.54;172.23.234.250
10.32.5.54;172.23.234.252
10.32.5.54;172.23.234.253
10.32.5.54;172.23.234.254
10.32.5.54;172.23.234.255
10.32.5.54;172.23.234.26
10.32.5.54;172.23.234.27
10.32.5.54;172.23.234.28
10.32.5.54;172.23.234.29
10.32.5.54;172.23.234.3
10.32.5.54;172.23.234.4
10.32.5.54;172.23.234.50
10.32.5.54;172.23.234.51
10.32.5.54;172.23.234.52
10.32.5.54;172.23.234.53
10.32.5.54;172.23.234.54
10.32.5.54;172.23.234.55
10.32.5.54;172.23.234.56
10.32.5.54;172.23.234.57
10.32.5.54;172.23.234.58
10.32.5.54;172.23.234.59
10.32.5.54;172.23.234.6
10.32.5.54;172.23.234.7
10.32.5.54;172.23.234.8
10.32.5.54;172.23.234.9
10.32.5.54;172.23.235.0
10.32.5.54;172.23.235.1
10.32.5.54;172.23.235.140
10.32.5.54;172.23.235.141
10.32.5.54;172.23.235.142
10.32.5.54;172.23.235.143
10.32.5.54;172.23.235.144
10.32.5.54;172.23.235.145
10.32.5.54;172.23.235.146
10.32.5.54;172.23.235.147
10.32.5.54;172.23.235.2
10.32.5.54;172.23.235.3
10.32.5.54;172.23.235.4
10.32.5.54;172.23.235.5
10.32.5.54;172.23.235.50
10.32.5.54;172.23.235.51
10.32.5.54;172.23.235.52
10.32.5.54;172.23.235.53
10.32.5.54;172.23.235.54
10.32.5.54;172.23.235.55
10.32.5.54;172.23.235.56
10.32.5.54;172.23.235.57
10.32.5.54;172.23.235.58
10.32.5.54;172.23.235.59
10.32.5.54;172.23.235.6
10.32.5.54;172.23.235.7
10.32.5.54;172.23.235.70
10.32.5.54;172.23.235.71
10.32.5.54;172.23.235.72
10.32.5.54;172.23.235.73
10.32.5.54;172.23.235.74
10.32.5.54;172.23.235.75
10.32.5.54;172.23.235.76
10.32.5.54;172.23.235.77
10.32.5.54;172.23.235.78
10.32.5.54;172.23.235.79
10.32.5.54;172.23.238.120
10.32.5.54;172.23.238.121
10.32.5.54;172.23.238.122
10.32.5.54;172.23.238.123
10.32.5.54;172.23.238.124
10.32.5.54;172.23.238.125
10.32.5.54;172.23.238.126
10.32.5.54;172.23.238.127
10.32.5.54;172.23.238.128
10.32.5.54;172.23.238.129
10.32.5.54;172.23.238.220
10.32.5.54;172.23.238.221
10.32.5.54;172.23.238.222
10.32.5.54;172.23.238.223
10.32.5.54;172.23.238.224
10.32.5.54;172.23.238.225
10.32.5.54;172.23.238.226
10.32.5.54;172.23.238.227
10.32.5.54;172.23.238.228
10.32.5.54;172.23.238.229
10.32.5.54;172.23.238.70
10.32.5.54;172.23.238.71
10.32.5.54;172.23.238.72
10.32.5.54;172.23.238.73
10.32.5.54;172.23.238.74
10.32.5.54;172.23.238.75
10.32.5.54;172.23.238.76
10.32.5.54;172.23.238.77
10.32.5.54;172.23.238.78
10.32.5.54;172.23.238.79
10.32.5.54;172.23.239.10
10.32.5.54;172.23.239.120
10.32.5.54;172.23.239.121
10.32.5.54;172.23.239.122
10.32.5.54;172.23.239.123
10.32.5.54;172.23.239.124
10.32.5.54;172.23.239.125
10.32.5.54;172.23.239.126
10.32.5.54;172.23.239.127
10.32.5.54;172.23.239.128
10.32.5.54;172.23.239.129
10.32.5.54;172.23.239.70
10.32.5.54;172.23.239.71
10.32.5.54;172.23.239.72
10.32.5.54;172.23.239.73
10.32.5.54;172.23.239.74
10.32.5.54;172.23.239.75
10.32.5.54;172.23.239.76
10.32.5.54;172.23.239.77
10.32.5.54;172.23.239.78
10.32.5.54;172.23.239.79
10.32.5.54;172.23.239.80
10.32.5.54;172.23.239.81
10.32.5.54;172.23.239.82
10.32.5.54;172.23.239.84
10.32.5.54;172.23.239.85
10.32.5.54;172.23.239.86
10.32.5.54;172.23.239.87
10.32.5.54;172.23.239.88
10.32.5.54;172.23.239.89
10.32.5.54;172.23.240.124
10.32.5.54;172.23.240.125
10.32.5.54;172.23.240.126
10.32.5.54;172.23.240.127
10.32.5.54;172.23.240.150
10.32.5.54;172.23.240.151
10.32.5.54;172.23.240.152
10.32.5.54;172.23.240.153
10.32.5.54;172.23.240.154
10.32.5.54;172.23.240.155
10.32.5.54;172.23.240.156
10.32.5.54;172.23.240.157
10.32.5.54;172.23.240.158
10.32.5.54;172.23.240.159
10.32.5.54;172.23.240.250
10.32.5.54;172.23.240.251
10.32.5.54;172.23.240.252
10.32.5.54;172.23.240.253
10.32.5.54;172.23.240.254
10.32.5.54;172.23.240.255
10.32.5.54;172.23.240.30
10.32.5.54;172.23.240.31
10.32.5.54;172.23.240.32
10.32.5.54;172.23.240.33
10.32.5.54;172.23.240.34
10.32.5.54;172.23.240.35
10.32.5.54;172.23.240.36
10.32.5.54;172.23.240.37
10.32.5.54;172.23.240.38
10.32.5.54;172.23.240.39
10.32.5.55;172.23.127.122
10.32.5.55;172.23.127.124
10.32.5.55;172.23.127.125
10.32.5.55;172.23.127.126
10.32.5.55;172.23.127.127
10.32.5.55;172.23.127.128
10.32.5.55;172.23.127.129
10.32.5.55;172.23.127.198
10.32.5.55;172.23.127.199
10.32.5.55;172.23.127.200
10.32.5.55;172.23.127.201
10.32.5.55;172.23.127.202
10.32.5.55;172.23.127.203
10.32.5.55;172.23.127.204
10.32.5.55;172.23.127.205
10.32.5.55;172.23.127.206
10.32.5.55;172.23.127.207
10.32.5.55;172.23.127.208
10.32.5.55;172.23.127.209
10.32.5.55;172.23.134.182
10.32.5.55;172.23.134.210
10.32.5.55;172.23.134.211
10.32.5.55;172.23.134.212
10.32.5.55;172.23.134.213
10.32.5.55;172.23.134.214
10.32.5.55;172.23.134.215
10.32.5.55;172.23.134.216
10.32.5.55;172.23.134.217
10.32.5.55;172.23.134.218
10.32.5.55;172.23.134.219
10.32.5.55;172.23.134.76
10.32.5.55;172.23.134.77
10.32.5.55;172.23.134.78
10.32.5.55;172.23.134.79
10.32.5.55;172.23.134.94
10.32.5.55;172.23.134.95
10.32.5.55;172.23.134.98
10.32.5.55;172.23.134.99
10.32.5.55;172.23.135.10
10.32.5.55;172.23.135.11
10.32.5.55;172.23.135.12
10.32.5.55;172.23.135.120
10.32.5.55;172.23.135.121
10.32.5.55;172.23.135.14
10.32.5.55;172.23.135.15
10.32.5.55;172.23.135.16
10.32.5.55;172.23.135.17
10.32.5.55;172.23.135.230
10.32.5.55;172.23.135.231
10.32.5.55;172.23.135.232
10.32.5.55;172.23.135.233
10.32.5.55;172.23.135.234
10.32.5.55;172.23.135.235
10.32.5.55;172.23.135.236
10.32.5.55;172.23.135.237
10.32.5.55;172.23.135.238
10.32.5.55;172.23.135.239
10.32.5.56;172.23.127.122
10.32.5.56;172.23.127.124
10.32.5.56;172.23.127.125
10.32.5.56;172.23.127.126
10.32.5.56;172.23.127.127
10.32.5.56;172.23.127.128
10.32.5.56;172.23.127.129
10.32.5.56;172.23.127.198
10.32.5.56;172.23.127.199
10.32.5.56;172.23.127.200
10.32.5.56;172.23.127.201
10.32.5.56;172.23.127.202
10.32.5.56;172.23.127.203
10.32.5.56;172.23.127.204
10.32.5.56;172.23.127.205
10.32.5.56;172.23.127.206
10.32.5.56;172.23.127.207
10.32.5.56;172.23.127.208
10.32.5.56;172.23.127.209
10.32.5.56;172.23.134.182
10.32.5.56;172.23.134.210
10.32.5.56;172.23.134.211
10.32.5.56;172.23.134.212
10.32.5.56;172.23.134.213
10.32.5.56;172.23.134.214
10.32.5.56;172.23.134.215
10.32.5.56;172.23.134.216
10.32.5.56;172.23.134.217
10.32.5.56;172.23.134.218
10.32.5.56;172.23.134.219
10.32.5.56;172.23.134.76
10.32.5.56;172.23.134.77
10.32.5.56;172.23.134.78
10.32.5.56;172.23.134.79
10.32.5.56;172.23.134.94
10.32.5.56;172.23.134.95
10.32.5.56;172.23.134.98
10.32.5.56;172.23.134.99
10.32.5.56;172.23.135.10
10.32.5.56;172.23.135.11
10.32.5.56;172.23.135.12
10.32.5.56;172.23.135.120
10.32.5.56;172.23.135.121
10.32.5.56;172.23.135.14
10.32.5.56;172.23.135.15
10.32.5.56;172.23.135.16
10.32.5.56;172.23.135.17
10.32.5.56;172.23.135.230
10.32.5.56;172.23.135.231
10.32.5.56;172.23.135.232
10.32.5.56;172.23.135.233
10.32.5.56;172.23.135.234
10.32.5.56;172.23.135.235
10.32.5.56;172.23.135.236
10.32.5.56;172.23.135.237
10.32.5.56;172.23.135.238
10.32.5.56;172.23.135.239
10.32.5.56;172.23.231.174
10.32.5.56;172.23.231.175
10.32.5.56;172.23.231.199
10.32.5.56;172.23.231.60
10.32.5.56;172.23.231.61
10.32.5.56;172.23.231.62
10.32.5.56;172.23.231.63
10.32.5.56;172.23.231.64
10.32.5.56;172.23.231.66
10.32.5.56;172.23.231.68
10.32.5.56;172.23.231.69
10.32.5.56;172.23.232.0
10.32.5.56;172.23.232.1
10.32.5.56;172.23.232.132
10.32.5.56;172.23.232.133
10.32.5.56;172.23.232.150
10.32.5.56;172.23.232.151
10.32.5.56;172.23.232.152
10.32.5.56;172.23.232.153
10.32.5.56;172.23.232.154
10.32.5.56;172.23.232.155
10.32.5.56;172.23.232.156
10.32.5.56;172.23.232.157
10.32.5.56;172.23.232.158
10.32.5.56;172.23.232.159
10.32.5.56;172.23.232.2
10.32.5.56;172.23.232.250
10.32.5.56;172.23.232.251
10.32.5.56;172.23.232.252
10.32.5.56;172.23.232.253
10.32.5.56;172.23.232.254
10.32.5.56;172.23.232.255
10.32.5.56;172.23.232.3
10.32.5.56;172.23.232.4
10.32.5.56;172.23.232.5
10.32.5.56;172.23.232.50
10.32.5.56;172.23.232.51
10.32.5.56;172.23.232.52
10.32.5.56;172.23.232.53
10.32.5.56;172.23.232.54
10.32.5.56;172.23.232.55
10.32.5.56;172.23.232.56
10.32.5.56;172.23.232.57
10.32.5.56;172.23.232.58
10.32.5.56;172.23.232.59
10.32.5.56;172.23.232.6
10.32.5.56;172.23.232.7
10.32.5.56;172.23.232.8
10.32.5.56;172.23.232.9
10.32.5.56;172.23.233.0
10.32.5.56;172.23.233.1
10.32.5.56;172.23.233.150
10.32.5.56;172.23.233.151
10.32.5.56;172.23.233.152
10.32.5.56;172.23.233.153
10.32.5.56;172.23.233.154
10.32.5.56;172.23.233.155
10.32.5.56;172.23.233.156
10.32.5.56;172.23.233.157
10.32.5.56;172.23.233.158
10.32.5.56;172.23.233.159
10.32.5.56;172.23.233.2
10.32.5.56;172.23.233.3
10.32.5.56;172.23.233.30
10.32.5.56;172.23.233.31
10.32.5.56;172.23.233.32
10.32.5.56;172.23.233.33
10.32.5.56;172.23.233.34
10.32.5.56;172.23.233.35
10.32.5.56;172.23.233.36
10.32.5.56;172.23.233.37
10.32.5.56;172.23.233.38
10.32.5.56;172.23.233.39
10.32.5.56;172.23.233.4
10.32.5.56;172.23.233.5
10.32.5.56;172.23.233.50
10.32.5.56;172.23.233.51
10.32.5.56;172.23.233.52
10.32.5.56;172.23.233.53
10.32.5.56;172.23.233.54
10.32.5.56;172.23.233.55
10.32.5.56;172.23.233.57
10.32.5.56;172.23.233.58
10.32.5.56;172.23.233.59
10.32.5.56;172.23.233.6
10.32.5.56;172.23.233.7
10.32.5.56;172.23.233.8
10.32.5.56;172.23.233.9
10.32.5.56;172.23.234.0
10.32.5.56;172.23.234.1
10.32.5.56;172.23.234.150
10.32.5.56;172.23.234.152
10.32.5.56;172.23.234.158
10.32.5.56;172.23.234.159
10.32.5.56;172.23.234.20
10.32.5.56;172.23.234.21
10.32.5.56;172.23.234.22
10.32.5.56;172.23.234.24
10.32.5.56;172.23.234.25
10.32.5.56;172.23.234.250
10.32.5.56;172.23.234.252
10.32.5.56;172.23.234.253
10.32.5.56;172.23.234.254
10.32.5.56;172.23.234.255
10.32.5.56;172.23.234.26
10.32.5.56;172.23.234.27
10.32.5.56;172.23.234.28
10.32.5.56;172.23.234.29
10.32.5.56;172.23.234.3
10.32.5.56;172.23.234.4
10.32.5.56;172.23.234.5
10.32.5.56;172.23.234.50
10.32.5.56;172.23.234.51
10.32.5.56;172.23.234.52
10.32.5.56;172.23.234.53
10.32.5.56;172.23.234.54
10.32.5.56;172.23.234.55
10.32.5.56;172.23.234.56
10.32.5.56;172.23.234.57
10.32.5.56;172.23.234.58
10.32.5.56;172.23.234.59
10.32.5.56;172.23.234.6
10.32.5.56;172.23.234.7
10.32.5.56;172.23.234.8
10.32.5.56;172.23.234.9
10.32.5.56;172.23.235.0
10.32.5.56;172.23.235.1
10.32.5.56;172.23.235.140
10.32.5.56;172.23.235.141
10.32.5.56;172.23.235.142
10.32.5.56;172.23.235.143
10.32.5.56;172.23.235.144
10.32.5.56;172.23.235.145
10.32.5.56;172.23.235.146
10.32.5.56;172.23.235.147
10.32.5.56;172.23.235.2
10.32.5.56;172.23.235.3
10.32.5.56;172.23.235.4
10.32.5.56;172.23.235.5
10.32.5.56;172.23.235.50
10.32.5.56;172.23.235.51
10.32.5.56;172.23.235.52
10.32.5.56;172.23.235.53
10.32.5.56;172.23.235.54
10.32.5.56;172.23.235.55
10.32.5.56;172.23.235.56
10.32.5.56;172.23.235.57
10.32.5.56;172.23.235.58
10.32.5.56;172.23.235.59
10.32.5.56;172.23.235.6
10.32.5.56;172.23.235.7
10.32.5.56;172.23.235.70
10.32.5.56;172.23.235.71
10.32.5.56;172.23.235.72
10.32.5.56;172.23.235.73
10.32.5.56;172.23.235.74
10.32.5.56;172.23.235.75
10.32.5.56;172.23.235.76
10.32.5.56;172.23.235.77
10.32.5.56;172.23.235.78
10.32.5.56;172.23.235.79
10.32.5.56;172.23.238.120
10.32.5.56;172.23.238.121
10.32.5.56;172.23.238.122
10.32.5.56;172.23.238.123
10.32.5.56;172.23.238.124
10.32.5.56;172.23.238.125
10.32.5.56;172.23.238.126
10.32.5.56;172.23.238.127
10.32.5.56;172.23.238.128
10.32.5.56;172.23.238.129
10.32.5.56;172.23.238.220
10.32.5.56;172.23.238.221
10.32.5.56;172.23.238.222
10.32.5.56;172.23.238.223
10.32.5.56;172.23.238.224
10.32.5.56;172.23.238.225
10.32.5.56;172.23.238.226
10.32.5.56;172.23.238.227
10.32.5.56;172.23.238.228
10.32.5.56;172.23.238.229
10.32.5.56;172.23.238.70
10.32.5.56;172.23.238.71
10.32.5.56;172.23.238.72
10.32.5.56;172.23.238.73
10.32.5.56;172.23.238.74
10.32.5.56;172.23.238.75
10.32.5.56;172.23.238.76
10.32.5.56;172.23.238.77
10.32.5.56;172.23.238.78
10.32.5.56;172.23.238.79
10.32.5.56;172.23.239.10
10.32.5.56;172.23.239.120
10.32.5.56;172.23.239.121
10.32.5.56;172.23.239.122
10.32.5.56;172.23.239.123
10.32.5.56;172.23.239.124
10.32.5.56;172.23.239.125
10.32.5.56;172.23.239.126
10.32.5.56;172.23.239.127
10.32.5.56;172.23.239.128
10.32.5.56;172.23.239.129
10.32.5.56;172.23.239.70
10.32.5.56;172.23.239.71
10.32.5.56;172.23.239.72
10.32.5.56;172.23.239.73
10.32.5.56;172.23.239.74
10.32.5.56;172.23.239.75
10.32.5.56;172.23.239.76
10.32.5.56;172.23.239.77
10.32.5.56;172.23.239.78
10.32.5.56;172.23.239.79
10.32.5.56;172.23.239.80
10.32.5.56;172.23.239.81
10.32.5.56;172.23.239.82
10.32.5.56;172.23.239.84
10.32.5.56;172.23.239.85
10.32.5.56;172.23.239.86
10.32.5.56;172.23.239.87
10.32.5.56;172.23.239.88
10.32.5.56;172.23.239.89
10.32.5.56;172.23.240.124
10.32.5.56;172.23.240.125
10.32.5.56;172.23.240.126
10.32.5.56;172.23.240.127
10.32.5.56;172.23.240.150
10.32.5.56;172.23.240.151
10.32.5.56;172.23.240.152
10.32.5.56;172.23.240.153
10.32.5.56;172.23.240.154
10.32.5.56;172.23.240.155
10.32.5.56;172.23.240.156
10.32.5.56;172.23.240.157
10.32.5.56;172.23.240.158
10.32.5.56;172.23.240.159
10.32.5.56;172.23.240.250
10.32.5.56;172.23.240.251
10.32.5.56;172.23.240.252
10.32.5.56;172.23.240.253
10.32.5.56;172.23.240.254
10.32.5.56;172.23.240.255
10.32.5.56;172.23.240.30
10.32.5.56;172.23.240.31
10.32.5.56;172.23.240.32
10.32.5.56;172.23.240.33
10.32.5.56;172.23.240.34
10.32.5.56;172.23.240.35
10.32.5.56;172.23.240.36
10.32.5.56;172.23.240.37
10.32.5.56;172.23.240.38
10.32.5.56;172.23.240.39
10.32.5.57;172.23.127.122
10.32.5.57;172.23.127.124
10.32.5.57;172.23.127.125
10.32.5.57;172.23.127.126
10.32.5.57;172.23.127.127
10.32.5.57;172.23.127.128
10.32.5.57;172.23.127.129
10.32.5.57;172.23.127.198
10.32.5.57;172.23.127.199
10.32.5.57;172.23.127.200
10.32.5.57;172.23.127.201
10.32.5.57;172.23.127.202
10.32.5.57;172.23.127.203
10.32.5.57;172.23.127.204
10.32.5.57;172.23.127.205
10.32.5.57;172.23.127.206
10.32.5.57;172.23.127.207
10.32.5.57;172.23.127.208
10.32.5.57;172.23.127.209
10.32.5.57;172.23.134.182
10.32.5.57;172.23.134.210
10.32.5.57;172.23.134.211
10.32.5.57;172.23.134.212
10.32.5.57;172.23.134.213
10.32.5.57;172.23.134.214
10.32.5.57;172.23.134.215
10.32.5.57;172.23.134.216
10.32.5.57;172.23.134.217
10.32.5.57;172.23.134.218
10.32.5.57;172.23.134.219
10.32.5.57;172.23.134.76
10.32.5.57;172.23.134.77
10.32.5.57;172.23.134.78
10.32.5.57;172.23.134.79
10.32.5.57;172.23.134.94
10.32.5.57;172.23.134.95
10.32.5.57;172.23.134.98
10.32.5.57;172.23.134.99
10.32.5.57;172.23.135.10
10.32.5.57;172.23.135.11
10.32.5.57;172.23.135.12
10.32.5.57;172.23.135.120
10.32.5.57;172.23.135.121
10.32.5.57;172.23.135.14
10.32.5.57;172.23.135.15
10.32.5.57;172.23.135.16
10.32.5.57;172.23.135.17
10.32.5.57;172.23.135.230
10.32.5.57;172.23.135.231
10.32.5.57;172.23.135.232
10.32.5.57;172.23.135.233
10.32.5.57;172.23.135.234
10.32.5.57;172.23.135.235
10.32.5.57;172.23.135.236
10.32.5.57;172.23.135.237
10.32.5.57;172.23.135.238
10.32.5.57;172.23.135.239
10.32.5.57;172.23.231.175
10.32.5.57;172.23.231.61
10.32.5.57;172.23.231.62
10.32.5.57;172.23.231.63
10.32.5.57;172.23.231.64
10.32.5.57;172.23.231.67
10.32.5.57;172.23.231.68
10.32.5.57;172.23.231.69
10.32.5.57;172.23.232.0
10.32.5.57;172.23.232.150
10.32.5.57;172.23.232.151
10.32.5.57;172.23.232.152
10.32.5.57;172.23.232.154
10.32.5.57;172.23.232.155
10.32.5.57;172.23.232.156
10.32.5.57;172.23.232.158
10.32.5.57;172.23.232.159
10.32.5.57;172.23.232.253
10.32.5.57;172.23.232.4
10.32.5.57;172.23.232.5
10.32.5.57;172.23.232.52
10.32.5.57;172.23.232.53
10.32.5.57;172.23.232.55
10.32.5.57;172.23.232.56
10.32.5.57;172.23.232.6
10.32.5.57;172.23.232.7
10.32.5.57;172.23.232.9
10.32.5.57;172.23.233.0
10.32.5.57;172.23.233.1
10.32.5.57;172.23.233.150
10.32.5.57;172.23.233.151
10.32.5.57;172.23.233.153
10.32.5.57;172.23.233.156
10.32.5.57;172.23.233.157
10.32.5.57;172.23.233.158
10.32.5.57;172.23.233.159
10.32.5.57;172.23.233.2
10.32.5.57;172.23.233.30
10.32.5.57;172.23.233.31
10.32.5.57;172.23.233.35
10.32.5.57;172.23.233.36
10.32.5.57;172.23.233.38
10.32.5.57;172.23.233.39
10.32.5.57;172.23.233.5
10.32.5.57;172.23.233.50
10.32.5.57;172.23.233.51
10.32.5.57;172.23.233.56
10.32.5.57;172.23.233.57
10.32.5.57;172.23.233.58
10.32.5.57;172.23.233.6
10.32.5.57;172.23.233.7
10.32.5.57;172.23.233.9
10.32.5.57;172.23.234.1
10.32.5.57;172.23.234.150
10.32.5.57;172.23.234.250
10.32.5.57;172.23.234.252
10.32.5.57;172.23.234.26
10.32.5.57;172.23.234.27
10.32.5.57;172.23.234.29
10.32.5.57;172.23.234.3
10.32.5.57;172.23.234.5
10.32.5.57;172.23.234.50
10.32.5.57;172.23.234.54
10.32.5.57;172.23.234.55
10.32.5.57;172.23.234.56
10.32.5.57;172.23.234.8
10.32.5.57;172.23.234.9
10.32.5.57;172.23.235.1
10.32.5.57;172.23.235.140
10.32.5.57;172.23.235.141
10.32.5.57;172.23.235.142
10.32.5.57;172.23.235.143
10.32.5.57;172.23.235.144
10.32.5.57;172.23.235.147
10.32.5.57;172.23.235.3
10.32.5.57;172.23.235.4
10.32.5.57;172.23.235.5
10.32.5.57;172.23.235.50
10.32.5.57;172.23.235.51
10.32.5.57;172.23.235.52
10.32.5.57;172.23.235.53
10.32.5.57;172.23.235.54
10.32.5.57;172.23.235.57
10.32.5.57;172.23.235.58
10.32.5.57;172.23.235.6
10.32.5.57;172.23.235.7
10.32.5.57;172.23.235.72
10.32.5.57;172.23.235.73
10.32.5.57;172.23.235.75
10.32.5.57;172.23.235.76
10.32.5.57;172.23.235.77
10.32.5.57;172.23.235.78
10.32.5.57;172.23.235.79
10.32.5.57;172.23.238.121
10.32.5.57;172.23.238.122
10.32.5.57;172.23.238.123
10.32.5.57;172.23.238.124
10.32.5.57;172.23.238.125
10.32.5.57;172.23.238.126
10.32.5.57;172.23.238.129
10.32.5.57;172.23.238.220
10.32.5.57;172.23.238.221
10.32.5.57;172.23.238.222
10.32.5.57;172.23.238.223
10.32.5.57;172.23.238.224
10.32.5.57;172.23.238.225
10.32.5.57;172.23.238.227
10.32.5.57;172.23.238.228
10.32.5.57;172.23.238.229
10.32.5.57;172.23.238.70
10.32.5.57;172.23.238.71
10.32.5.57;172.23.238.73
10.32.5.57;172.23.238.74
10.32.5.57;172.23.238.75
10.32.5.57;172.23.238.76
10.32.5.57;172.23.238.77
10.32.5.57;172.23.238.78
10.32.5.57;172.23.238.79
10.32.5.57;172.23.239.122
10.32.5.57;172.23.239.123
10.32.5.57;172.23.239.124
10.32.5.57;172.23.239.126
10.32.5.57;172.23.239.127
10.32.5.57;172.23.239.128
10.32.5.57;172.23.239.129
10.32.5.57;172.23.239.70
10.32.5.57;172.23.239.73
10.32.5.57;172.23.239.74
10.32.5.57;172.23.239.75
10.32.5.57;172.23.239.76
10.32.5.57;172.23.239.77
10.32.5.57;172.23.239.78
10.32.5.57;172.23.239.79
10.32.5.57;172.23.239.81
10.32.5.57;172.23.239.82
10.32.5.57;172.23.239.84
10.32.5.57;172.23.239.85
10.32.5.57;172.23.239.86
10.32.5.57;172.23.239.87
10.32.5.57;172.23.240.125
10.32.5.57;172.23.240.126
10.32.5.57;172.23.240.150
10.32.5.57;172.23.240.153
10.32.5.57;172.23.240.154
10.32.5.57;172.23.240.155
10.32.5.57;172.23.240.157
10.32.5.57;172.23.240.158
10.32.5.57;172.23.240.251
10.32.5.57;172.23.240.254
10.32.5.57;172.23.240.255
10.32.5.57;172.23.240.31
10.32.5.57;172.23.240.34
10.32.5.57;172.23.240.37
10.32.5.57;172.23.240.38
10.32.5.57;172.23.240.39
10.32.5.58;172.23.231.60
10.32.5.58;172.23.231.61
10.32.5.58;172.23.231.62
10.32.5.58;172.23.231.66
10.32.5.58;172.23.231.68
10.32.5.58;172.23.231.69
10.32.5.58;172.23.232.1
10.32.5.58;172.23.232.151
10.32.5.58;172.23.232.156
10.32.5.58;172.23.232.158
10.32.5.58;172.23.232.159
10.32.5.58;172.23.232.253
10.32.5.58;172.23.232.255
10.32.5.58;172.23.232.4
10.32.5.58;172.23.232.53
10.32.5.58;172.23.232.54
10.32.5.58;172.23.232.56
10.32.5.58;172.23.232.59
10.32.5.58;172.23.232.6
10.32.5.58;172.23.232.7
10.32.5.58;172.23.232.8
10.32.5.58;172.23.232.9
10.32.5.58;172.23.233.1
10.32.5.58;172.23.233.150
10.32.5.58;172.23.233.151
10.32.5.58;172.23.233.152
10.32.5.58;172.23.233.153
10.32.5.58;172.23.233.155
10.32.5.58;172.23.233.156
10.32.5.58;172.23.233.157
10.32.5.58;172.23.233.158
10.32.5.58;172.23.233.2
10.32.5.58;172.23.233.30
10.32.5.58;172.23.233.31
10.32.5.58;172.23.233.32
10.32.5.58;172.23.233.33
10.32.5.58;172.23.233.35
10.32.5.58;172.23.233.37
10.32.5.58;172.23.233.38
10.32.5.58;172.23.233.5
10.32.5.58;172.23.233.51
10.32.5.58;172.23.233.53
10.32.5.58;172.23.233.56
10.32.5.58;172.23.233.58
10.32.5.58;172.23.233.59
10.32.5.58;172.23.233.6
10.32.5.58;172.23.233.8
10.32.5.58;172.23.233.9
10.32.5.58;172.23.234.152
10.32.5.58;172.23.234.2
10.32.5.58;172.23.234.20
10.32.5.58;172.23.234.24
10.32.5.58;172.23.234.25
10.32.5.58;172.23.234.250
10.32.5.58;172.23.234.252
10.32.5.58;172.23.234.253
10.32.5.58;172.23.234.27
10.32.5.58;172.23.234.28
10.32.5.58;172.23.234.3
10.32.5.58;172.23.234.4
10.32.5.58;172.23.234.5
10.32.5.58;172.23.234.51
10.32.5.58;172.23.234.56
10.32.5.58;172.23.234.57
10.32.5.58;172.23.234.58
10.32.5.58;172.23.234.59
10.32.5.58;172.23.234.6
10.32.5.58;172.23.234.7
10.32.5.58;172.23.234.8
10.32.5.58;172.23.235.0
10.32.5.58;172.23.235.140
10.32.5.58;172.23.235.141
10.32.5.58;172.23.235.142
10.32.5.58;172.23.235.143
10.32.5.58;172.23.235.146
10.32.5.58;172.23.235.147
10.32.5.58;172.23.235.2
10.32.5.58;172.23.235.4
10.32.5.58;172.23.235.5
10.32.5.58;172.23.235.52
10.32.5.58;172.23.235.53
10.32.5.58;172.23.235.56
10.32.5.58;172.23.235.6
10.32.5.58;172.23.235.7
10.32.5.58;172.23.235.70
10.32.5.58;172.23.235.71
10.32.5.58;172.23.235.72
10.32.5.58;172.23.235.75
10.32.5.58;172.23.235.76
10.32.5.58;172.23.235.77
10.32.5.58;172.23.235.78
10.32.5.58;172.23.238.122
10.32.5.58;172.23.238.123
10.32.5.58;172.23.238.126
10.32.5.58;172.23.238.127
10.32.5.58;172.23.238.129
10.32.5.58;172.23.238.220
10.32.5.58;172.23.238.222
10.32.5.58;172.23.238.223
10.32.5.58;172.23.238.224
10.32.5.58;172.23.238.226
10.32.5.58;172.23.238.229
10.32.5.58;172.23.238.70
10.32.5.58;172.23.238.71
10.32.5.58;172.23.238.72
10.32.5.58;172.23.238.73
10.32.5.58;172.23.238.74
10.32.5.58;172.23.238.76
10.32.5.58;172.23.238.77
10.32.5.58;172.23.238.78
10.32.5.58;172.23.238.79
10.32.5.58;172.23.239.121
10.32.5.58;172.23.239.124
10.32.5.58;172.23.239.127
10.32.5.58;172.23.239.129
10.32.5.58;172.23.239.70
10.32.5.58;172.23.239.71
10.32.5.58;172.23.239.72
10.32.5.58;172.23.239.74
10.32.5.58;172.23.239.76
10.32.5.58;172.23.239.78
10.32.5.58;172.23.239.79
10.32.5.58;172.23.239.80
10.32.5.58;172.23.239.82
10.32.5.58;172.23.239.85
10.32.5.58;172.23.239.86
10.32.5.58;172.23.239.87
10.32.5.58;172.23.239.88
10.32.5.58;172.23.239.89
10.32.5.58;172.23.240.126
10.32.5.58;172.23.240.127
10.32.5.58;172.23.240.150
10.32.5.58;172.23.240.151
10.32.5.58;172.23.240.152
10.32.5.58;172.23.240.153
10.32.5.58;172.23.240.154
10.32.5.58;172.23.240.155
10.32.5.58;172.23.240.157
10.32.5.58;172.23.240.158
10.32.5.58;172.23.240.159
10.32.5.58;172.23.240.250
10.32.5.58;172.23.240.251
10.32.5.58;172.23.240.30
10.32.5.58;172.23.240.31
10.32.5.58;172.23.240.33
10.32.5.58;172.23.240.34
10.32.5.58;172.23.240.35
10.32.5.58;172.23.240.36
10.32.5.58;172.23.240.37
10.32.5.58;172.23.240.39
10.32.5.59;172.23.231.61
10.32.5.59;172.23.231.62
10.32.5.59;172.23.231.68
10.32.5.59;172.23.231.69
10.32.5.59;172.23.232.0
10.32.5.59;172.23.232.1
10.32.5.59;172.23.232.152
10.32.5.59;172.23.232.155
10.32.5.59;172.23.232.156
10.32.5.59;172.23.232.157
10.32.5.59;172.23.232.158
10.32.5.59;172.23.232.159
10.32.5.59;172.23.232.2
10.32.5.59;172.23.232.250
10.32.5.59;172.23.232.252
10.32.5.59;172.23.232.253
10.32.5.59;172.23.232.3
10.32.5.59;172.23.232.4
10.32.5.59;172.23.232.5
10.32.5.59;172.23.232.50
10.32.5.59;172.23.232.51
10.32.5.59;172.23.232.54
10.32.5.59;172.23.232.55
10.32.5.59;172.23.232.57
10.32.5.59;172.23.232.58
10.32.5.59;172.23.232.6
10.32.5.59;172.23.232.7
10.32.5.59;172.23.233.1
10.32.5.59;172.23.233.150
10.32.5.59;172.23.233.151
10.32.5.59;172.23.233.152
10.32.5.59;172.23.233.153
10.32.5.59;172.23.233.154
10.32.5.59;172.23.233.155
10.32.5.59;172.23.233.156
10.32.5.59;172.23.233.157
10.32.5.59;172.23.233.158
10.32.5.59;172.23.233.30
10.32.5.59;172.23.233.31
10.32.5.59;172.23.233.33
10.32.5.59;172.23.233.36
10.32.5.59;172.23.233.37
10.32.5.59;172.23.233.38
10.32.5.59;172.23.233.39
10.32.5.59;172.23.233.51
10.32.5.59;172.23.233.55
10.32.5.59;172.23.233.56
10.32.5.59;172.23.233.57
10.32.5.59;172.23.233.59
10.32.5.59;172.23.233.6
10.32.5.59;172.23.233.7
10.32.5.59;172.23.233.8
10.32.5.59;172.23.233.9
10.32.5.59;172.23.234.150
10.32.5.59;172.23.234.152
10.32.5.59;172.23.234.153
10.32.5.59;172.23.234.158
10.32.5.59;172.23.234.159
10.32.5.59;172.23.234.21
10.32.5.59;172.23.234.22
10.32.5.59;172.23.234.23
10.32.5.59;172.23.234.24
10.32.5.59;172.23.234.25
10.32.5.59;172.23.234.250
10.32.5.59;172.23.234.253
10.32.5.59;172.23.234.254
10.32.5.59;172.23.234.255
10.32.5.59;172.23.234.27
10.32.5.59;172.23.234.3
10.32.5.59;172.23.234.5
10.32.5.59;172.23.234.50
10.32.5.59;172.23.234.51
10.32.5.59;172.23.234.55
10.32.5.59;172.23.234.57
10.32.5.59;172.23.234.58
10.32.5.59;172.23.234.59
10.32.5.59;172.23.234.6
10.32.5.59;172.23.234.9
10.32.5.59;172.23.235.0
10.32.5.59;172.23.235.1
10.32.5.59;172.23.235.140
10.32.5.59;172.23.235.141
10.32.5.59;172.23.235.142
10.32.5.59;172.23.235.143
10.32.5.59;172.23.235.144
10.32.5.59;172.23.235.146
10.32.5.59;172.23.235.2
10.32.5.59;172.23.235.3
10.32.5.59;172.23.235.4
10.32.5.59;172.23.235.5
10.32.5.59;172.23.235.50
10.32.5.59;172.23.235.51
10.32.5.59;172.23.235.53
10.32.5.59;172.23.235.54
10.32.5.59;172.23.235.55
10.32.5.59;172.23.235.56
10.32.5.59;172.23.235.57
10.32.5.59;172.23.235.58
10.32.5.59;172.23.235.7
10.32.5.59;172.23.235.71
10.32.5.59;172.23.235.73
10.32.5.59;172.23.235.75
10.32.5.59;172.23.235.76
10.32.5.59;172.23.235.77
10.32.5.59;172.23.235.78
10.32.5.59;172.23.235.79
10.32.5.59;172.23.238.122
10.32.5.59;172.23.238.123
10.32.5.59;172.23.238.125
10.32.5.59;172.23.238.127
10.32.5.59;172.23.238.129
10.32.5.59;172.23.238.220
10.32.5.59;172.23.238.222
10.32.5.59;172.23.238.224
10.32.5.59;172.23.238.226
10.32.5.59;172.23.238.227
10.32.5.59;172.23.238.229
10.32.5.59;172.23.238.70
10.32.5.59;172.23.238.72
10.32.5.59;172.23.238.75
10.32.5.59;172.23.238.76
10.32.5.59;172.23.238.79
10.32.5.59;172.23.239.10
10.32.5.59;172.23.239.120
10.32.5.59;172.23.239.121
10.32.5.59;172.23.239.122
10.32.5.59;172.23.239.123
10.32.5.59;172.23.239.124
10.32.5.59;172.23.239.126
10.32.5.59;172.23.239.128
10.32.5.59;172.23.239.70
10.32.5.59;172.23.239.71
10.32.5.59;172.23.239.72
10.32.5.59;172.23.239.73
10.32.5.59;172.23.239.75
10.32.5.59;172.23.239.76
10.32.5.59;172.23.239.77
10.32.5.59;172.23.239.78
10.32.5.59;172.23.239.80
10.32.5.59;172.23.239.82
10.32.5.59;172.23.239.85
10.32.5.59;172.23.239.86
10.32.5.59;172.23.239.89
10.32.5.59;172.23.240.124
10.32.5.59;172.23.240.125
10.32.5.59;172.23.240.126
10.32.5.59;172.23.240.150
10.32.5.59;172.23.240.152
10.32.5.59;172.23.240.153
10.32.5.59;172.23.240.154
10.32.5.59;172.23.240.155
10.32.5.59;172.23.240.157
10.32.5.59;172.23.240.158
10.32.5.59;172.23.240.159
10.32.5.59;172.23.240.250
10.32.5.59;172.23.240.253
10.32.5.59;172.23.240.254
10.32.5.59;172.23.240.255
10.32.5.59;172.23.240.30
10.32.5.59;172.23.240.32
10.32.5.59;172.23.240.35
10.32.5.59;172.23.240.36
10.32.5.59;172.23.240.38
172.23.0.111;172.23.0.10
172.23.0.112;172.23.0.10
172.23.0.186;172.23.0.10
172.23.0.200;172.23.0.10
172.23.0.201;172.23.0.10
172.23.0.202;172.23.0.10
172.23.0.203;172.23.0.10
172.23.0.204;172.23.0.10
172.23.0.205;172.23.0.10
172.23.0.206;172.23.0.10
172.23.0.207;172.23.0.10
172.23.0.208;172.23.0.10
172.23.0.209;172.23.0.10
172.23.0.210;172.23.0.10
172.23.0.211;172.23.0.10
172.23.0.212;172.23.0.10
172.23.0.214;172.23.0.10
172.23.0.215;172.23.0.10
172.23.0.216;172.23.0.10
172.23.0.217;172.23.0.10
172.23.0.218;172.23.0.10
172.23.0.219;172.23.0.10
172.23.0.220;172.23.0.10
172.23.0.221;172.23.0.10
172.23.0.222;172.23.0.10
172.23.0.223;172.23.0.10
172.23.0.225;172.23.0.10
172.23.0.226;172.23.0.10
172.23.0.227;172.23.0.10
172.23.0.228;172.23.0.10
172.23.0.229;172.23.0.10
172.23.0.230;172.23.0.10
172.23.0.231;172.23.0.10
172.23.0.232;172.23.0.10
172.23.0.233;172.23.0.10
172.23.0.234;172.23.0.10
172.23.0.235;172.23.0.10
172.23.0.236;172.23.0.10
172.23.0.237;172.23.0.10
172.23.0.238;172.23.0.10
172.23.0.239;172.23.0.10
172.23.0.240;172.23.0.10
172.23.0.241;172.23.0.10
172.23.0.242;172.23.0.10
172.23.0.243;172.23.0.10
172.23.0.244;172.23.0.10
172.23.0.245;172.23.0.10
172.23.0.246;172.23.0.10
172.23.0.247;172.23.0.10
172.23.0.248;172.23.0.10
172.23.0.249;172.23.0.10
172.23.0.250;172.23.0.10
172.23.0.251;172.23.0.10
172.23.0.252;172.23.0.10
172.23.0.253;172.23.0.10
172.23.0.254;172.23.0.10
172.23.0.255;172.23.0.10
172.23.1.100;172.23.0.10
172.23.1.101;172.23.0.10
172.23.1.103;172.23.0.10
172.23.1.104;172.23.0.10
172.23.1.105;172.23.0.10
172.23.1.105;172.23.0.101
172.23.1.106;172.23.0.10
172.23.1.107;172.23.0.10
172.23.1.108;172.23.0.10
172.23.1.109;172.23.0.10
172.23.1.110;172.23.0.10
172.23.1.111;172.23.0.10
172.23.1.112;172.23.0.10
172.23.1.113;172.23.0.10
172.23.1.114;172.23.0.10
172.23.1.115;172.23.0.10
172.23.1.119;172.23.0.10
172.23.1.120;172.23.0.10
172.23.1.125;172.23.0.10
172.23.1.126;172.23.0.10
172.23.1.127;172.23.0.10
172.23.1.128;172.23.0.10
172.23.1.130;172.23.0.10
172.23.2.100;172.23.0.10
172.23.2.101;172.23.0.10
172.23.231.69;172.23.0.1
172.23.232.4;172.23.0.1
172.23.234.58;172.23.0.1
172.23.236.8;172.23.0.1
172.23.240.156;172.23.0.1
172.23.5.110;172.23.0.10
172.23.5.113;172.23.0.10
172.23.5.114;172.23.0.10
172.23.5.115;172.23.0.10
172.23.5.117;172.23.0.10
172.23.5.120;172.23.0.10
172.23.5.121;172.23.0.10
172.23.5.124;172.23.0.10
